79702,Madonna,"United States",1983-10-29,2015-05-03
billboard-us,48,1984-11-17,ms010296,"Like A Virgin"
billboard-us,38,1984-11-24,ms010296,"Like A Virgin"
billboard-us,21,1984-12-01,ms010296,"Like A Virgin"
billboard-us,11,1984-12-08,ms010296,"Like A Virgin"
billboard-us,3,1984-12-15,ms010296,"Like A Virgin"
billboard-us,1,1984-12-22,ms010296,"Like A Virgin"
billboard-us,1,1984-12-29,ms010296,"Like A Virgin"
billboard-us,1,1985-01-05,ms010296,"Like A Virgin"
billboard-us,1,1985-01-12,ms010296,"Like A Virgin"
billboard-us,1,1985-01-19,ms010296,"Like A Virgin"
billboard-us,1,1985-01-26,ms010296,"Like A Virgin"
billboard-us,7,1985-02-02,ms010296,"Like A Virgin"
billboard-us,9,1985-02-09,ms010296,"Like A Virgin"
billboard-us,17,1985-02-16,ms010296,"Like A Virgin"
billboard-us,28,1985-02-23,ms010296,"Like A Virgin"
billboard-us,43,1985-03-02,ms010296,"Like A Virgin"
billboard-us,61,1985-03-09,ms010296,"Like A Virgin"
billboard-us,76,1985-03-16,ms010296,"Like A Virgin"
billboard-us,100,1985-03-23,ms010296,"Like A Virgin"
billboard-us,88,1983-10-29,ms010584,Holiday
billboard-us,76,1983-11-05,ms010584,Holiday
billboard-us,68,1983-11-12,ms010584,Holiday
billboard-us,60,1983-11-19,ms010584,Holiday
billboard-us,55,1983-11-26,ms010584,Holiday
billboard-us,45,1983-12-03,ms010584,Holiday
billboard-us,39,1983-12-10,ms010584,Holiday
billboard-us,33,1983-12-17,ms010584,Holiday
billboard-us,31,1983-12-24,ms010584,Holiday
billboard-us,31,1983-12-31,ms010584,Holiday
billboard-us,27,1984-01-07,ms010584,Holiday
billboard-us,25,1984-01-14,ms010584,Holiday
billboard-us,17,1984-01-21,ms010584,Holiday
billboard-us,16,1984-01-28,ms010584,Holiday
billboard-us,16,1984-02-04,ms010584,Holiday
billboard-us,22,1984-02-11,ms010584,Holiday
billboard-us,36,1984-02-18,ms010584,Holiday
billboard-us,53,1984-02-25,ms010584,Holiday
billboard-us,63,1984-03-03,ms010584,Holiday
billboard-us,87,1984-03-10,ms010584,Holiday
billboard-us,94,1984-03-17,ms010584,Holiday
billboard-us,49,1984-08-25,ms011438,"Lucky Star"
billboard-us,40,1984-09-01,ms011438,"Lucky Star"
billboard-us,27,1984-09-08,ms011438,"Lucky Star"
billboard-us,24,1984-09-15,ms011438,"Lucky Star"
billboard-us,16,1984-09-22,ms011438,"Lucky Star"
billboard-us,13,1984-09-29,ms011438,"Lucky Star"
billboard-us,8,1984-10-06,ms011438,"Lucky Star"
billboard-us,5,1984-10-13,ms011438,"Lucky Star"
billboard-us,4,1984-10-20,ms011438,"Lucky Star"
billboard-us,5,1984-10-27,ms011438,"Lucky Star"
billboard-us,6,1984-11-03,ms011438,"Lucky Star"
billboard-us,17,1984-11-10,ms011438,"Lucky Star"
billboard-us,30,1984-11-17,ms011438,"Lucky Star"
billboard-us,55,1984-11-24,ms011438,"Lucky Star"
billboard-us,86,1984-12-01,ms011438,"Lucky Star"
billboard-us,97,1984-12-08,ms011438,"Lucky Star"
billboard-us,76,1984-03-10,ms020223,Borderline
billboard-us,62,1984-03-17,ms020223,Borderline
billboard-us,54,1984-03-24,ms020223,Borderline
billboard-us,50,1984-03-31,ms020223,Borderline
billboard-us,46,1984-04-07,ms020223,Borderline
billboard-us,40,1984-04-14,ms020223,Borderline
billboard-us,37,1984-04-21,ms020223,Borderline
billboard-us,35,1984-04-28,ms020223,Borderline
billboard-us,29,1984-05-05,ms020223,Borderline
billboard-us,25,1984-05-12,ms020223,Borderline
billboard-us,22,1984-05-19,ms020223,Borderline
billboard-us,18,1984-05-26,ms020223,Borderline
billboard-us,12,1984-06-02,ms020223,Borderline
billboard-us,11,1984-06-09,ms020223,Borderline
billboard-us,10,1984-06-16,ms020223,Borderline
billboard-us,11,1984-06-23,ms020223,Borderline
billboard-us,12,1984-06-30,ms020223,Borderline
billboard-us,15,1984-07-07,ms020223,Borderline
billboard-us,19,1984-07-14,ms020223,Borderline
billboard-us,30,1984-07-21,ms020223,Borderline
billboard-us,52,1984-07-28,ms020223,Borderline
billboard-us,56,1984-08-04,ms020223,Borderline
billboard-us,61,1984-08-11,ms020223,Borderline
billboard-us,66,1984-08-18,ms020223,Borderline
billboard-us,83,1984-08-25,ms020223,Borderline
billboard-us,86,1984-09-01,ms020223,Borderline
billboard-us,88,1984-09-08,ms020223,Borderline
billboard-us,91,1984-09-15,ms020223,Borderline
billboard-us,94,1984-09-22,ms020223,Borderline
billboard-us,98,1984-09-29,ms020223,Borderline
billboard-us,36,1985-08-17,ms020999,"Dress You Up"
billboard-us,31,1985-08-24,ms020999,"Dress You Up"
billboard-us,23,1985-08-31,ms020999,"Dress You Up"
billboard-us,17,1985-09-07,ms020999,"Dress You Up"
billboard-us,14,1985-09-14,ms020999,"Dress You Up"
billboard-us,10,1985-09-21,ms020999,"Dress You Up"
billboard-us,6,1985-09-28,ms020999,"Dress You Up"
billboard-us,5,1985-10-05,ms020999,"Dress You Up"
billboard-us,10,1985-10-12,ms020999,"Dress You Up"
billboard-us,14,1985-10-19,ms020999,"Dress You Up"
billboard-us,28,1985-10-26,ms020999,"Dress You Up"
billboard-us,41,1985-11-02,ms020999,"Dress You Up"
billboard-us,56,1985-11-09,ms020999,"Dress You Up"
billboard-us,68,1985-11-16,ms020999,"Dress You Up"
billboard-us,84,1985-11-23,ms020999,"Dress You Up"
billboard-us,100,1985-11-30,ms020999,"Dress You Up"
billboard-us,48,1985-04-27,ms021261,Angel
billboard-us,41,1985-05-04,ms021261,Angel
billboard-us,32,1985-05-11,ms021261,Angel
billboard-us,25,1985-05-18,ms021261,Angel
billboard-us,19,1985-05-25,ms021261,Angel
billboard-us,14,1985-06-01,ms021261,Angel
billboard-us,11,1985-06-08,ms021261,Angel
billboard-us,9,1985-06-15,ms021261,Angel
billboard-us,6,1985-06-22,ms021261,Angel
billboard-us,5,1985-06-29,ms021261,Angel
billboard-us,10,1985-07-06,ms021261,Angel
billboard-us,17,1985-07-13,ms021261,Angel
billboard-us,26,1985-07-20,ms021261,Angel
billboard-us,38,1985-07-27,ms021261,Angel
billboard-us,57,1985-08-03,ms021261,Angel
billboard-us,79,1985-08-10,ms021261,Angel
billboard-us,98,1985-08-17,ms021261,Angel
billboard-us,55,1985-03-02,ms021310,"Crazy For You"
billboard-us,42,1985-03-09,ms021310,"Crazy For You"
billboard-us,32,1985-03-16,ms021310,"Crazy For You"
billboard-us,20,1985-03-23,ms021310,"Crazy For You"
billboard-us,9,1985-03-30,ms021310,"Crazy For You"
billboard-us,4,1985-04-06,ms021310,"Crazy For You"
billboard-us,3,1985-04-13,ms021310,"Crazy For You"
billboard-us,2,1985-04-20,ms021310,"Crazy For You"
billboard-us,2,1985-04-27,ms021310,"Crazy For You"
billboard-us,2,1985-05-04,ms021310,"Crazy For You"
billboard-us,1,1985-05-11,ms021310,"Crazy For You"
billboard-us,2,1985-05-18,ms021310,"Crazy For You"
billboard-us,6,1985-05-25,ms021310,"Crazy For You"
billboard-us,13,1985-06-01,ms021310,"Crazy For You"
billboard-us,22,1985-06-08,ms021310,"Crazy For You"
billboard-us,30,1985-06-15,ms021310,"Crazy For You"
billboard-us,46,1985-06-22,ms021310,"Crazy For You"
billboard-us,60,1985-06-29,ms021310,"Crazy For You"
billboard-us,76,1985-07-06,ms021310,"Crazy For You"
billboard-us,84,1985-07-13,ms021310,"Crazy For You"
billboard-us,91,1985-07-20,ms021310,"Crazy For You"
billboard-us,43,1985-02-09,ms021415,"Material Girl"
billboard-us,34,1985-02-16,ms021415,"Material Girl"
billboard-us,24,1985-02-23,ms021415,"Material Girl"
billboard-us,18,1985-03-02,ms021415,"Material Girl"
billboard-us,5,1985-03-09,ms021415,"Material Girl"
billboard-us,3,1985-03-16,ms021415,"Material Girl"
billboard-us,2,1985-03-23,ms021415,"Material Girl"
billboard-us,2,1985-03-30,ms021415,"Material Girl"
billboard-us,3,1985-04-06,ms021415,"Material Girl"
billboard-us,5,1985-04-13,ms021415,"Material Girl"
billboard-us,13,1985-04-20,ms021415,"Material Girl"
billboard-us,23,1985-04-27,ms021415,"Material Girl"
billboard-us,37,1985-05-04,ms021415,"Material Girl"
billboard-us,50,1985-05-11,ms021415,"Material Girl"
billboard-us,60,1985-05-18,ms021415,"Material Girl"
billboard-us,91,1985-05-25,ms021415,"Material Girl"
billboard-us,100,1985-06-01,ms021415,"Material Girl"
billboard-us,51,1986-12-06,ms021681,"Open Your Heart"
billboard-us,38,1986-12-13,ms021681,"Open Your Heart"
billboard-us,27,1986-12-20,ms021681,"Open Your Heart"
billboard-us,22,1986-12-27,ms021681,"Open Your Heart"
billboard-us,22,1987-01-03,ms021681,"Open Your Heart"
billboard-us,15,1987-01-10,ms021681,"Open Your Heart"
billboard-us,7,1987-01-17,ms021681,"Open Your Heart"
billboard-us,4,1987-01-24,ms021681,"Open Your Heart"
billboard-us,2,1987-01-31,ms021681,"Open Your Heart"
billboard-us,1,1987-02-07,ms021681,"Open Your Heart"
billboard-us,2,1987-02-14,ms021681,"Open Your Heart"
billboard-us,8,1987-02-21,ms021681,"Open Your Heart"
billboard-us,19,1987-02-28,ms021681,"Open Your Heart"
billboard-us,27,1987-03-07,ms021681,"Open Your Heart"
billboard-us,40,1987-03-14,ms021681,"Open Your Heart"
billboard-us,67,1987-03-21,ms021681,"Open Your Heart"
billboard-us,80,1987-03-28,ms021681,"Open Your Heart"
billboard-us,98,1987-04-04,ms021681,"Open Your Heart"
billboard-us,40,1986-10-04,ms021727,"True Blue"
billboard-us,32,1986-10-11,ms021727,"True Blue"
billboard-us,20,1986-10-18,ms021727,"True Blue"
billboard-us,13,1986-10-25,ms021727,"True Blue"
billboard-us,6,1986-11-01,ms021727,"True Blue"
billboard-us,5,1986-11-08,ms021727,"True Blue"
billboard-us,3,1986-11-15,ms021727,"True Blue"
billboard-us,3,1986-11-22,ms021727,"True Blue"
billboard-us,3,1986-11-29,ms021727,"True Blue"
billboard-us,12,1986-12-06,ms021727,"True Blue"
billboard-us,22,1986-12-13,ms021727,"True Blue"
billboard-us,39,1986-12-20,ms021727,"True Blue"
billboard-us,57,1986-12-27,ms021727,"True Blue"
billboard-us,57,1987-01-03,ms021727,"True Blue"
billboard-us,72,1987-01-10,ms021727,"True Blue"
billboard-us,90,1987-01-17,ms021727,"True Blue"
billboard-us,41,1987-09-12,ms022163,"Causing A Commotion"
billboard-us,33,1987-09-19,ms022163,"Causing A Commotion"
billboard-us,23,1987-09-26,ms022163,"Causing A Commotion"
billboard-us,14,1987-10-03,ms022163,"Causing A Commotion"
billboard-us,11,1987-10-10,ms022163,"Causing A Commotion"
billboard-us,5,1987-10-17,ms022163,"Causing A Commotion"
billboard-us,2,1987-10-24,ms022163,"Causing A Commotion"
billboard-us,2,1987-10-31,ms022163,"Causing A Commotion"
billboard-us,2,1987-11-07,ms022163,"Causing A Commotion"
billboard-us,8,1987-11-14,ms022163,"Causing A Commotion"
billboard-us,20,1987-11-21,ms022163,"Causing A Commotion"
billboard-us,32,1987-11-28,ms022163,"Causing A Commotion"
billboard-us,47,1987-12-05,ms022163,"Causing A Commotion"
billboard-us,58,1987-12-12,ms022163,"Causing A Commotion"
billboard-us,73,1987-12-19,ms022163,"Causing A Commotion"
billboard-us,97,1987-12-26,ms022163,"Causing A Commotion"
billboard-us,97,1988-01-02,ms022163,"Causing A Commotion"
billboard-us,98,1988-01-09,ms022163,"Causing A Commotion"
billboard-us,49,1986-04-12,ms022195,"Live To Tell"
billboard-us,35,1986-04-19,ms022195,"Live To Tell"
billboard-us,24,1986-04-26,ms022195,"Live To Tell"
billboard-us,14,1986-05-03,ms022195,"Live To Tell"
billboard-us,11,1986-05-10,ms022195,"Live To Tell"
billboard-us,5,1986-05-17,ms022195,"Live To Tell"
billboard-us,2,1986-05-24,ms022195,"Live To Tell"
billboard-us,2,1986-05-31,ms022195,"Live To Tell"
billboard-us,1,1986-06-07,ms022195,"Live To Tell"
billboard-us,2,1986-06-14,ms022195,"Live To Tell"
billboard-us,4,1986-06-21,ms022195,"Live To Tell"
billboard-us,11,1986-06-28,ms022195,"Live To Tell"
billboard-us,20,1986-07-05,ms022195,"Live To Tell"
billboard-us,31,1986-07-12,ms022195,"Live To Tell"
billboard-us,45,1986-07-19,ms022195,"Live To Tell"
billboard-us,59,1986-07-26,ms022195,"Live To Tell"
billboard-us,75,1986-08-02,ms022195,"Live To Tell"
billboard-us,100,1986-08-09,ms022195,"Live To Tell"
billboard-us,67,1987-10-10,ms022611,"Who's That Girl"
billboard-us,70,1987-10-17,ms022611,"Who's That Girl"
billboard-us,55,1989-11-11,ms022836,"Oh Father"
billboard-us,45,1989-11-18,ms022836,"Oh Father"
billboard-us,40,1989-11-25,ms022836,"Oh Father"
billboard-us,35,1989-12-02,ms022836,"Oh Father"
billboard-us,30,1989-12-09,ms022836,"Oh Father"
billboard-us,27,1989-12-16,ms022836,"Oh Father"
billboard-us,21,1989-12-23,ms022836,"Oh Father"
billboard-us,20,1989-12-30,ms022836,"Oh Father"
billboard-us,20,1990-01-06,ms022836,"Oh Father"
billboard-us,24,1990-01-13,ms022836,"Oh Father"
billboard-us,44,1990-01-20,ms022836,"Oh Father"
billboard-us,70,1990-01-27,ms022836,"Oh Father"
billboard-us,100,1990-02-03,ms022836,"Oh Father"
billboard-us,49,1987-03-21,ms023048,"La Isla Bonita"
billboard-us,39,1987-03-28,ms023048,"La Isla Bonita"
billboard-us,25,1987-04-04,ms023048,"La Isla Bonita"
billboard-us,18,1987-04-11,ms023048,"La Isla Bonita"
billboard-us,12,1987-04-18,ms023048,"La Isla Bonita"
billboard-us,7,1987-04-25,ms023048,"La Isla Bonita"
billboard-us,4,1987-05-02,ms023048,"La Isla Bonita"
billboard-us,4,1987-05-09,ms023048,"La Isla Bonita"
billboard-us,4,1987-05-16,ms023048,"La Isla Bonita"
billboard-us,9,1987-05-23,ms023048,"La Isla Bonita"
billboard-us,19,1987-05-30,ms023048,"La Isla Bonita"
billboard-us,25,1987-06-06,ms023048,"La Isla Bonita"
billboard-us,38,1987-06-13,ms023048,"La Isla Bonita"
billboard-us,56,1987-06-20,ms023048,"La Isla Bonita"
billboard-us,58,1987-06-27,ms023048,"La Isla Bonita"
billboard-us,77,1987-07-04,ms023048,"La Isla Bonita"
billboard-us,99,1987-07-11,ms023048,"La Isla Bonita"
billboard-us,37,1989-08-19,ms023096,Cherish
billboard-us,28,1989-08-26,ms023096,Cherish
billboard-us,20,1989-09-02,ms023096,Cherish
billboard-us,14,1989-09-09,ms023096,Cherish
billboard-us,10,1989-09-16,ms023096,Cherish
billboard-us,5,1989-09-23,ms023096,Cherish
billboard-us,4,1989-09-30,ms023096,Cherish
billboard-us,2,1989-10-07,ms023096,Cherish
billboard-us,2,1989-10-14,ms023096,Cherish
billboard-us,12,1989-10-21,ms023096,Cherish
billboard-us,23,1989-10-28,ms023096,Cherish
billboard-us,38,1989-11-04,ms023096,Cherish
billboard-us,52,1989-11-11,ms023096,Cherish
billboard-us,77,1989-11-18,ms023096,Cherish
billboard-us,99,1989-11-25,ms023096,Cherish
billboard-us,41,1989-06-03,ms023458,"Express Yourself"
billboard-us,32,1989-06-10,ms023458,"Express Yourself"
billboard-us,24,1989-06-17,ms023458,"Express Yourself"
billboard-us,13,1989-06-24,ms023458,"Express Yourself"
billboard-us,6,1989-07-01,ms023458,"Express Yourself"
billboard-us,4,1989-07-08,ms023458,"Express Yourself"
billboard-us,2,1989-07-15,ms023458,"Express Yourself"
billboard-us,2,1989-07-22,ms023458,"Express Yourself"
billboard-us,3,1989-07-29,ms023458,"Express Yourself"
billboard-us,11,1989-08-05,ms023458,"Express Yourself"
billboard-us,24,1989-08-12,ms023458,"Express Yourself"
billboard-us,36,1989-08-19,ms023458,"Express Yourself"
billboard-us,55,1989-08-26,ms023458,"Express Yourself"
billboard-us,70,1989-09-02,ms023458,"Express Yourself"
billboard-us,85,1989-09-09,ms023458,"Express Yourself"
billboard-us,98,1989-09-16,ms023458,"Express Yourself"
billboard-us,38,1989-03-18,ms023784,"Like A Prayer"
billboard-us,25,1989-03-25,ms023784,"Like A Prayer"
billboard-us,11,1989-04-01,ms023784,"Like A Prayer"
billboard-us,5,1989-04-08,ms023784,"Like A Prayer"
billboard-us,3,1989-04-15,ms023784,"Like A Prayer"
billboard-us,1,1989-04-22,ms023784,"Like A Prayer"
billboard-us,1,1989-04-29,ms023784,"Like A Prayer"
billboard-us,1,1989-05-06,ms023784,"Like A Prayer"
billboard-us,2,1989-05-13,ms023784,"Like A Prayer"
billboard-us,10,1989-05-20,ms023784,"Like A Prayer"
billboard-us,18,1989-05-27,ms023784,"Like A Prayer"
billboard-us,31,1989-06-03,ms023784,"Like A Prayer"
billboard-us,41,1989-06-10,ms023784,"Like A Prayer"
billboard-us,56,1989-06-17,ms023784,"Like A Prayer"
billboard-us,73,1989-06-24,ms023784,"Like A Prayer"
billboard-us,98,1989-07-01,ms023784,"Like A Prayer"
billboard-us,46,1990-11-17,ms024060,"Justify My Love"
billboard-us,36,1990-11-24,ms024060,"Justify My Love"
billboard-us,23,1990-12-01,ms024060,"Justify My Love"
billboard-us,10,1990-12-08,ms024060,"Justify My Love"
billboard-us,4,1990-12-15,ms024060,"Justify My Love"
billboard-us,2,1990-12-22,ms024060,"Justify My Love"
billboard-us,2,1990-12-29,ms024060,"Justify My Love"
billboard-us,1,1991-01-05,ms024060,"Justify My Love"
billboard-us,1,1991-01-12,ms024060,"Justify My Love"
billboard-us,2,1991-01-19,ms024060,"Justify My Love"
billboard-us,6,1991-01-26,ms024060,"Justify My Love"
billboard-us,15,1991-02-02,ms024060,"Justify My Love"
billboard-us,26,1991-02-09,ms024060,"Justify My Love"
billboard-us,40,1991-02-16,ms024060,"Justify My Love"
billboard-us,68,1991-02-23,ms024060,"Justify My Love"
billboard-us,86,1991-03-02,ms024060,"Justify My Love"
billboard-us,39,1990-04-14,ms024392,Vogue
billboard-us,28,1990-04-21,ms024392,Vogue
billboard-us,12,1990-04-28,ms024392,Vogue
billboard-us,4,1990-05-05,ms024392,Vogue
billboard-us,2,1990-05-12,ms024392,Vogue
billboard-us,1,1990-05-19,ms024392,Vogue
billboard-us,1,1990-05-26,ms024392,Vogue
billboard-us,1,1990-06-02,ms024392,Vogue
billboard-us,2,1990-06-09,ms024392,Vogue
billboard-us,5,1990-06-16,ms024392,Vogue
billboard-us,6,1990-06-23,ms024392,Vogue
billboard-us,14,1990-06-30,ms024392,Vogue
billboard-us,20,1990-07-07,ms024392,Vogue
billboard-us,23,1990-07-14,ms024392,Vogue
billboard-us,33,1990-07-21,ms024392,Vogue
billboard-us,40,1990-07-28,ms024392,Vogue
billboard-us,50,1990-08-04,ms024392,Vogue
billboard-us,56,1990-08-11,ms024392,Vogue
billboard-us,58,1990-08-18,ms024392,Vogue
billboard-us,59,1990-08-25,ms024392,Vogue
billboard-us,67,1990-09-01,ms024392,Vogue
billboard-us,67,1990-09-08,ms024392,Vogue
billboard-us,76,1990-09-15,ms024392,Vogue
billboard-us,100,1990-09-22,ms024392,Vogue
billboard-us,40,1990-06-30,ms024414,"Hanky Panky"
billboard-us,34,1990-07-07,ms024414,"Hanky Panky"
billboard-us,25,1990-07-14,ms024414,"Hanky Panky"
billboard-us,17,1990-07-21,ms024414,"Hanky Panky"
billboard-us,10,1990-07-28,ms024414,"Hanky Panky"
billboard-us,13,1990-08-04,ms024414,"Hanky Panky"
billboard-us,24,1990-08-11,ms024414,"Hanky Panky"
billboard-us,43,1990-08-18,ms024414,"Hanky Panky"
billboard-us,68,1990-08-25,ms024414,"Hanky Panky"
billboard-us,83,1990-09-01,ms024414,"Hanky Panky"
billboard-us,98,1990-09-08,ms024414,"Hanky Panky"
billboard-us,56,1990-02-03,ms024671,"Keep It Together"
billboard-us,41,1990-02-10,ms024671,"Keep It Together"
billboard-us,34,1990-02-17,ms024671,"Keep It Together"
billboard-us,28,1990-02-24,ms024671,"Keep It Together"
billboard-us,23,1990-03-03,ms024671,"Keep It Together"
billboard-us,20,1990-03-10,ms024671,"Keep It Together"
billboard-us,15,1990-03-17,ms024671,"Keep It Together"
billboard-us,9,1990-03-24,ms024671,"Keep It Together"
billboard-us,8,1990-03-31,ms024671,"Keep It Together"
billboard-us,17,1990-04-07,ms024671,"Keep It Together"
billboard-us,29,1990-04-14,ms024671,"Keep It Together"
billboard-us,49,1990-04-21,ms024671,"Keep It Together"
billboard-us,83,1990-04-28,ms024671,"Keep It Together"
billboard-us,15,1991-03-02,ms025614,"Rescue Me"
billboard-us,14,1991-03-09,ms025614,"Rescue Me"
billboard-us,11,1991-03-16,ms025614,"Rescue Me"
billboard-us,9,1991-03-23,ms025614,"Rescue Me"
billboard-us,16,1991-03-30,ms025614,"Rescue Me"
billboard-us,28,1991-04-06,ms025614,"Rescue Me"
billboard-us,59,1991-04-13,ms025614,"Rescue Me"
billboard-us,90,1991-04-20,ms025614,"Rescue Me"
billboard-us,38,1992-12-05,ms025921,"Deeper And Deeper"
billboard-us,24,1992-12-12,ms025921,"Deeper And Deeper"
billboard-us,16,1992-12-19,ms025921,"Deeper And Deeper"
billboard-us,13,1992-12-26,ms025921,"Deeper And Deeper"
billboard-us,11,1993-01-02,ms025921,"Deeper And Deeper"
billboard-us,11,1993-01-09,ms025921,"Deeper And Deeper"
billboard-us,10,1993-01-16,ms025921,"Deeper And Deeper"
billboard-us,8,1993-01-23,ms025921,"Deeper And Deeper"
billboard-us,7,1993-01-30,ms025921,"Deeper And Deeper"
billboard-us,9,1993-02-06,ms025921,"Deeper And Deeper"
billboard-us,14,1993-02-13,ms025921,"Deeper And Deeper"
billboard-us,23,1993-02-20,ms025921,"Deeper And Deeper"
billboard-us,35,1993-02-27,ms025921,"Deeper And Deeper"
billboard-us,52,1993-03-06,ms025921,"Deeper And Deeper"
billboard-us,67,1993-03-13,ms025921,"Deeper And Deeper"
billboard-us,82,1993-03-20,ms025921,"Deeper And Deeper"
billboard-us,88,1993-03-27,ms025921,"Deeper And Deeper"
billboard-us,13,1992-10-17,ms025990,Erotica
billboard-us,3,1992-10-24,ms025990,Erotica
billboard-us,5,1992-10-31,ms025990,Erotica
billboard-us,5,1992-11-07,ms025990,Erotica
billboard-us,9,1992-11-14,ms025990,Erotica
billboard-us,13,1992-11-21,ms025990,Erotica
billboard-us,18,1992-11-28,ms025990,Erotica
billboard-us,25,1992-12-05,ms025990,Erotica
billboard-us,38,1992-12-12,ms025990,Erotica
billboard-us,48,1992-12-19,ms025990,Erotica
billboard-us,59,1992-12-26,ms025990,Erotica
billboard-us,57,1993-01-02,ms025990,Erotica
billboard-us,60,1993-01-09,ms025990,Erotica
billboard-us,61,1993-01-16,ms025990,Erotica
billboard-us,72,1993-01-23,ms025990,Erotica
billboard-us,86,1993-01-30,ms025990,Erotica
billboard-us,85,1993-02-06,ms025990,Erotica
billboard-us,97,1993-02-13,ms025990,Erotica
billboard-us,30,1994-10-08,ms026112,Secret
billboard-us,9,1994-10-15,ms026112,Secret
billboard-us,4,1994-10-22,ms026112,Secret
billboard-us,4,1994-10-29,ms026112,Secret
billboard-us,3,1994-11-05,ms026112,Secret
billboard-us,5,1994-11-12,ms026112,Secret
billboard-us,6,1994-11-19,ms026112,Secret
billboard-us,6,1994-11-26,ms026112,Secret
billboard-us,6,1994-12-03,ms026112,Secret
billboard-us,7,1994-12-10,ms026112,Secret
billboard-us,7,1994-12-17,ms026112,Secret
billboard-us,9,1994-12-24,ms026112,Secret
billboard-us,12,1994-12-31,ms026112,Secret
billboard-us,15,1995-01-07,ms026112,Secret
billboard-us,15,1995-01-14,ms026112,Secret
billboard-us,18,1995-01-21,ms026112,Secret
billboard-us,26,1995-01-28,ms026112,Secret
billboard-us,31,1995-02-04,ms026112,Secret
billboard-us,36,1995-02-11,ms026112,Secret
billboard-us,40,1995-02-18,ms026112,Secret
billboard-us,42,1995-02-25,ms026112,Secret
billboard-us,50,1995-03-04,ms026112,Secret
billboard-us,45,1994-12-17,ms026118,"Take A Bow"
billboard-us,18,1994-12-24,ms026118,"Take A Bow"
billboard-us,14,1994-12-31,ms026118,"Take A Bow"
billboard-us,12,1995-01-07,ms026118,"Take A Bow"
billboard-us,8,1995-01-14,ms026118,"Take A Bow"
billboard-us,5,1995-01-21,ms026118,"Take A Bow"
billboard-us,5,1995-01-28,ms026118,"Take A Bow"
billboard-us,4,1995-02-04,ms026118,"Take A Bow"
billboard-us,4,1995-02-11,ms026118,"Take A Bow"
billboard-us,2,1995-02-18,ms026118,"Take A Bow"
billboard-us,1,1995-02-25,ms026118,"Take A Bow"
billboard-us,1,1995-03-04,ms026118,"Take A Bow"
billboard-us,1,1995-03-11,ms026118,"Take A Bow"
billboard-us,1,1995-03-18,ms026118,"Take A Bow"
billboard-us,1,1995-03-25,ms026118,"Take A Bow"
billboard-us,1,1995-04-01,ms026118,"Take A Bow"
billboard-us,1,1995-04-08,ms026118,"Take A Bow"
billboard-us,4,1995-04-15,ms026118,"Take A Bow"
billboard-us,6,1995-04-22,ms026118,"Take A Bow"
billboard-us,11,1995-04-29,ms026118,"Take A Bow"
billboard-us,11,1995-05-06,ms026118,"Take A Bow"
billboard-us,15,1995-05-13,ms026118,"Take A Bow"
billboard-us,21,1995-05-20,ms026118,"Take A Bow"
billboard-us,21,1995-05-27,ms026118,"Take A Bow"
billboard-us,28,1995-06-03,ms026118,"Take A Bow"
billboard-us,27,1995-06-10,ms026118,"Take A Bow"
billboard-us,31,1995-06-17,ms026118,"Take A Bow"
billboard-us,37,1995-06-24,ms026118,"Take A Bow"
billboard-us,44,1995-07-01,ms026118,"Take A Bow"
billboard-us,44,1995-07-08,ms026118,"Take A Bow"
billboard-us,35,1992-07-04,ms026171,"This Used To Be My Playground"
billboard-us,17,1992-07-11,ms026171,"This Used To Be My Playground"
billboard-us,17,1992-07-11,ms026171,"This Used To Be My Playground"
billboard-us,7,1992-07-18,ms026171,"This Used To Be My Playground"
billboard-us,2,1992-07-25,ms026171,"This Used To Be My Playground"
billboard-us,2,1992-08-01,ms026171,"This Used To Be My Playground"
billboard-us,1,1992-08-08,ms026171,"This Used To Be My Playground"
billboard-us,3,1992-08-15,ms026171,"This Used To Be My Playground"
billboard-us,3,1992-08-22,ms026171,"This Used To Be My Playground"
billboard-us,4,1992-08-29,ms026171,"This Used To Be My Playground"
billboard-us,5,1992-09-05,ms026171,"This Used To Be My Playground"
billboard-us,11,1992-09-12,ms026171,"This Used To Be My Playground"
billboard-us,15,1992-09-19,ms026171,"This Used To Be My Playground"
billboard-us,22,1992-09-26,ms026171,"This Used To Be My Playground"
billboard-us,30,1992-10-03,ms026171,"This Used To Be My Playground"
billboard-us,42,1992-10-10,ms026171,"This Used To Be My Playground"
billboard-us,57,1992-10-17,ms026171,"This Used To Be My Playground"
billboard-us,59,1992-10-24,ms026171,"This Used To Be My Playground"
billboard-us,68,1992-10-31,ms026171,"This Used To Be My Playground"
billboard-us,73,1992-11-07,ms026171,"This Used To Be My Playground"
billboard-us,88,1992-11-14,ms026171,"This Used To Be My Playground"
billboard-us,8,1995-12-09,ms026556,"You'll See"
billboard-us,6,1995-12-16,ms026556,"You'll See"
billboard-us,9,1995-12-23,ms026556,"You'll See"
billboard-us,11,1995-12-30,ms026556,"You'll See"
billboard-us,12,1996-01-06,ms026556,"You'll See"
billboard-us,11,1996-01-13,ms026556,"You'll See"
billboard-us,10,1996-01-20,ms026556,"You'll See"
billboard-us,8,1996-01-27,ms026556,"You'll See"
billboard-us,11,1996-02-03,ms026556,"You'll See"
billboard-us,18,1996-02-10,ms026556,"You'll See"
billboard-us,19,1996-02-17,ms026556,"You'll See"
billboard-us,23,1996-02-24,ms026556,"You'll See"
billboard-us,27,1996-03-02,ms026556,"You'll See"
billboard-us,40,1996-03-09,ms026556,"You'll See"
billboard-us,49,1996-03-16,ms026556,"You'll See"
billboard-us,54,1996-03-23,ms026556,"You'll See"
billboard-us,57,1996-03-30,ms026556,"You'll See"
billboard-us,63,1996-04-06,ms026556,"You'll See"
billboard-us,64,1996-04-13,ms026556,"You'll See"
billboard-us,78,1996-04-20,ms026556,"You'll See"
billboard-us,52,1993-07-24,ms026809,Rain
billboard-us,37,1993-07-31,ms026809,Rain
billboard-us,30,1993-08-07,ms026809,Rain
billboard-us,29,1993-08-14,ms026809,Rain
billboard-us,26,1993-08-21,ms026809,Rain
billboard-us,18,1993-08-28,ms026809,Rain
billboard-us,17,1993-09-04,ms026809,Rain
billboard-us,14,1993-09-11,ms026809,Rain
billboard-us,16,1993-09-18,ms026809,Rain
billboard-us,16,1993-09-25,ms026809,Rain
billboard-us,20,1993-10-02,ms026809,Rain
billboard-us,28,1993-10-09,ms026809,Rain
billboard-us,27,1993-10-16,ms026809,Rain
billboard-us,32,1993-10-23,ms026809,Rain
billboard-us,40,1993-10-30,ms026809,Rain
billboard-us,43,1993-11-06,ms026809,Rain
billboard-us,61,1993-11-13,ms026809,Rain
billboard-us,77,1993-11-20,ms026809,Rain
billboard-us,72,1993-11-27,ms026809,Rain
billboard-us,75,1993-12-04,ms026809,Rain
billboard-us,57,1995-06-24,ms027128,"Human Nature"
billboard-us,51,1995-07-01,ms027128,"Human Nature"
billboard-us,51,1995-07-08,ms027128,"Human Nature"
billboard-us,46,1995-07-15,ms027128,"Human Nature"
billboard-us,46,1995-07-22,ms027128,"Human Nature"
billboard-us,46,1995-07-29,ms027128,"Human Nature"
billboard-us,49,1995-08-05,ms027128,"Human Nature"
billboard-us,50,1995-08-12,ms027128,"Human Nature"
billboard-us,48,1995-08-19,ms027128,"Human Nature"
billboard-us,57,1995-08-26,ms027128,"Human Nature"
billboard-us,66,1995-09-02,ms027128,"Human Nature"
billboard-us,72,1995-09-09,ms027128,"Human Nature"
billboard-us,82,1995-09-16,ms027128,"Human Nature"
billboard-us,88,1995-09-23,ms027128,"Human Nature"
billboard-us,98,1995-09-30,ms027128,"Human Nature"
billboard-us,75,1993-02-20,ms027437,"Bad Girl"
billboard-us,60,1993-02-27,ms027437,"Bad Girl"
billboard-us,49,1993-03-06,ms027437,"Bad Girl"
billboard-us,43,1993-03-13,ms027437,"Bad Girl"
billboard-us,39,1993-03-20,ms027437,"Bad Girl"
billboard-us,36,1993-03-27,ms027437,"Bad Girl"
billboard-us,39,1993-04-03,ms027437,"Bad Girl"
billboard-us,58,1993-04-10,ms027437,"Bad Girl"
billboard-us,72,1993-04-17,ms027437,"Bad Girl"
billboard-us,83,1993-04-24,ms027437,"Bad Girl"
billboard-us,97,1993-05-01,ms027437,"Bad Girl"
billboard-us,24,1998-10-17,ms027839,"The Power Of Good-Bye"
billboard-us,16,1998-10-24,ms027839,"The Power Of Good-Bye"
billboard-us,14,1998-10-31,ms027839,"The Power Of Good-Bye"
billboard-us,13,1998-11-07,ms027839,"The Power Of Good-Bye"
billboard-us,14,1998-11-14,ms027839,"The Power Of Good-Bye"
billboard-us,13,1998-11-21,ms027839,"The Power Of Good-Bye"
billboard-us,11,1998-11-28,ms027839,"The Power Of Good-Bye"
billboard-us,30,1998-12-05,ms027839,"The Power Of Good-Bye"
billboard-us,30,1998-12-12,ms027839,"The Power Of Good-Bye"
billboard-us,31,1998-12-19,ms027839,"The Power Of Good-Bye"
billboard-us,41,1998-12-26,ms027839,"The Power Of Good-Bye"
billboard-us,43,1999-01-02,ms027839,"The Power Of Good-Bye"
billboard-us,44,1999-01-09,ms027839,"The Power Of Good-Bye"
billboard-us,54,1999-01-16,ms027839,"The Power Of Good-Bye"
billboard-us,70,1999-01-23,ms027839,"The Power Of Good-Bye"
billboard-us,78,1999-01-30,ms027839,"The Power Of Good-Bye"
billboard-us,81,1999-02-06,ms027839,"The Power Of Good-Bye"
billboard-us,88,1999-02-13,ms027839,"The Power Of Good-Bye"
billboard-us,96,1999-02-20,ms027839,"The Power Of Good-Bye"
billboard-us,5,1998-07-11,ms028434,"Ray Of Light"
billboard-us,7,1998-07-18,ms028434,"Ray Of Light"
billboard-us,8,1998-07-25,ms028434,"Ray Of Light"
billboard-us,9,1998-08-01,ms028434,"Ray Of Light"
billboard-us,16,1998-08-08,ms028434,"Ray Of Light"
billboard-us,21,1998-08-15,ms028434,"Ray Of Light"
billboard-us,26,1998-08-22,ms028434,"Ray Of Light"
billboard-us,32,1998-08-29,ms028434,"Ray Of Light"
billboard-us,34,1998-09-05,ms028434,"Ray Of Light"
billboard-us,39,1998-09-12,ms028434,"Ray Of Light"
billboard-us,41,1998-09-19,ms028434,"Ray Of Light"
billboard-us,40,1998-09-26,ms028434,"Ray Of Light"
billboard-us,43,1998-10-03,ms028434,"Ray Of Light"
billboard-us,52,1998-10-10,ms028434,"Ray Of Light"
billboard-us,49,1998-10-17,ms028434,"Ray Of Light"
billboard-us,56,1998-10-24,ms028434,"Ray Of Light"
billboard-us,58,1998-10-31,ms028434,"Ray Of Light"
billboard-us,59,1998-11-07,ms028434,"Ray Of Light"
billboard-us,63,1998-11-14,ms028434,"Ray Of Light"
billboard-us,71,1998-11-21,ms028434,"Ray Of Light"
billboard-us,8,1998-03-21,ms029180,Frozen
billboard-us,5,1998-03-28,ms029180,Frozen
billboard-us,2,1998-04-04,ms029180,Frozen
billboard-us,4,1998-04-18,ms029180,Frozen
billboard-us,4,1998-04-25,ms029180,Frozen
billboard-us,5,1998-05-02,ms029180,Frozen
billboard-us,9,1998-05-09,ms029180,Frozen
billboard-us,11,1998-05-16,ms029180,Frozen
billboard-us,14,1998-05-23,ms029180,Frozen
billboard-us,15,1998-05-30,ms029180,Frozen
billboard-us,16,1998-06-06,ms029180,Frozen
billboard-us,18,1998-06-13,ms029180,Frozen
billboard-us,22,1998-06-20,ms029180,Frozen
billboard-us,40,1998-06-27,ms029180,Frozen
billboard-us,40,1998-07-04,ms029180,Frozen
billboard-us,44,1998-07-11,ms029180,Frozen
billboard-us,54,1998-07-18,ms029180,Frozen
billboard-us,62,1998-07-25,ms029180,Frozen
billboard-us,56,1998-08-01,ms029180,Frozen
billboard-us,74,1995-04-22,ms031210,"Bedtime Story"
billboard-us,42,1995-04-29,ms031210,"Bedtime Story"
billboard-us,54,1995-05-06,ms031210,"Bedtime Story"
billboard-us,65,1995-05-13,ms031210,"Bedtime Story"
billboard-us,75,1995-05-20,ms031210,"Bedtime Story"
billboard-us,82,1995-05-27,ms031210,"Bedtime Story"
billboard-us,99,1995-06-03,ms031210,"Bedtime Story"
billboard-us,78,1999-06-12,ms037811,"Beautiful Stranger"
billboard-us,55,1999-06-19,ms037811,"Beautiful Stranger"
billboard-us,38,1999-06-26,ms037811,"Beautiful Stranger"
billboard-us,29,1999-07-03,ms037811,"Beautiful Stranger"
billboard-us,23,1999-07-10,ms037811,"Beautiful Stranger"
billboard-us,23,1999-07-17,ms037811,"Beautiful Stranger"
billboard-us,19,1999-07-24,ms037811,"Beautiful Stranger"
billboard-us,22,1999-07-31,ms037811,"Beautiful Stranger"
billboard-us,21,1999-08-07,ms037811,"Beautiful Stranger"
billboard-us,21,1999-08-14,ms037811,"Beautiful Stranger"
billboard-us,31,1999-08-21,ms037811,"Beautiful Stranger"
billboard-us,45,1999-08-28,ms037811,"Beautiful Stranger"
billboard-us,56,1999-09-04,ms037811,"Beautiful Stranger"
billboard-us,66,1999-09-11,ms037811,"Beautiful Stranger"
billboard-us,78,1999-09-18,ms037811,"Beautiful Stranger"
billboard-us,84,1999-09-25,ms037811,"Beautiful Stranger"
billboard-us,87,1999-10-02,ms037811,"Beautiful Stranger"
billboard-us,92,1999-10-09,ms037811,"Beautiful Stranger"
billboard-us,99,1999-10-16,ms037811,"Beautiful Stranger"
billboard-us,99,1999-05-01,ms038288,"Nothing Really Matters"
billboard-us,93,1999-05-08,ms038288,"Nothing Really Matters"
billboard-us,20,2005-11-05,ms042107,"Hung Up"
billboard-us,21,2005-11-12,ms042107,"Hung Up"
billboard-us,27,2005-11-19,ms042107,"Hung Up"
billboard-us,14,2005-11-26,ms042107,"Hung Up"
billboard-us,7,2005-12-03,ms042107,"Hung Up"
billboard-us,7,2005-12-10,ms042107,"Hung Up"
billboard-us,14,2005-12-17,ms042107,"Hung Up"
billboard-us,19,2005-12-24,ms042107,"Hung Up"
billboard-us,21,2005-12-31,ms042107,"Hung Up"
billboard-us,23,2006-01-07,ms042107,"Hung Up"
billboard-us,23,2006-01-14,ms042107,"Hung Up"
billboard-us,30,2006-01-21,ms042107,"Hung Up"
billboard-us,43,2006-01-28,ms042107,"Hung Up"
billboard-us,45,2006-02-04,ms042107,"Hung Up"
billboard-us,59,2006-02-11,ms042107,"Hung Up"
billboard-us,64,2006-02-18,ms042107,"Hung Up"
billboard-us,48,2006-02-25,ms042107,"Hung Up"
billboard-us,48,2006-03-04,ms042107,"Hung Up"
billboard-us,54,2006-03-11,ms042107,"Hung Up"
billboard-us,74,2006-03-18,ms042107,"Hung Up"
billboard-us,70,2006-03-11,ms042429,Sorry
billboard-us,58,2006-03-18,ms042429,Sorry
billboard-us,77,2006-03-25,ms042429,Sorry
billboard-us,77,2006-04-01,ms042429,Sorry
billboard-us,82,2006-04-08,ms042429,Sorry
billboard-us,91,2006-04-15,ms042429,Sorry
billboard-us,90,2003-04-05,ms044356,"American Life"
billboard-us,74,2003-04-12,ms044356,"American Life"
billboard-us,67,2003-04-19,ms044356,"American Life"
billboard-us,37,2003-04-26,ms044356,"American Life"
billboard-us,52,2003-05-03,ms044356,"American Life"
billboard-us,71,2003-05-10,ms044356,"American Life"
billboard-us,71,2003-05-17,ms044356,"American Life"
billboard-us,86,2003-05-24,ms044356,"American Life"
billboard-us,35,2000-12-23,ms045762,"Don't Tell Me"
billboard-us,30,2000-12-30,ms045762,"Don't Tell Me"
billboard-us,26,2001-01-06,ms045762,"Don't Tell Me"
billboard-us,19,2001-01-20,ms045762,"Don't Tell Me"
billboard-us,16,2001-01-27,ms045762,"Don't Tell Me"
billboard-us,4,2001-02-03,ms045762,"Don't Tell Me"
billboard-us,4,2001-02-10,ms045762,"Don't Tell Me"
billboard-us,6,2001-02-17,ms045762,"Don't Tell Me"
billboard-us,6,2001-02-24,ms045762,"Don't Tell Me"
billboard-us,6,2001-03-03,ms045762,"Don't Tell Me"
billboard-us,7,2001-03-10,ms045762,"Don't Tell Me"
billboard-us,8,2001-03-17,ms045762,"Don't Tell Me"
billboard-us,9,2001-03-24,ms045762,"Don't Tell Me"
billboard-us,13,2001-03-31,ms045762,"Don't Tell Me"
billboard-us,20,2001-04-07,ms045762,"Don't Tell Me"
billboard-us,27,2001-04-14,ms045762,"Don't Tell Me"
billboard-us,32,2001-04-21,ms045762,"Don't Tell Me"
billboard-us,45,2001-04-28,ms045762,"Don't Tell Me"
billboard-us,41,2000-08-12,ms045869,Music
billboard-us,23,2000-08-19,ms045869,Music
billboard-us,18,2000-08-26,ms045869,Music
billboard-us,14,2000-09-02,ms045869,Music
billboard-us,2,2000-09-09,ms045869,Music
billboard-us,1,2000-09-16,ms045869,Music
billboard-us,1,2000-09-23,ms045869,Music
billboard-us,1,2000-09-30,ms045869,Music
billboard-us,1,2000-10-07,ms045869,Music
billboard-us,2,2000-10-14,ms045869,Music
billboard-us,2,2000-10-21,ms045869,Music
billboard-us,2,2000-10-28,ms045869,Music
billboard-us,2,2000-11-04,ms045869,Music
billboard-us,2,2000-11-11,ms045869,Music
billboard-us,4,2000-11-18,ms045869,Music
billboard-us,8,2000-11-25,ms045869,Music
billboard-us,11,2000-12-02,ms045869,Music
billboard-us,16,2000-12-09,ms045869,Music
billboard-us,20,2000-12-16,ms045869,Music
billboard-us,25,2000-12-23,ms045869,Music
billboard-us,27,2000-12-30,ms045869,Music
billboard-us,27,2001-01-06,ms045869,Music
billboard-us,44,2001-01-20,ms045869,Music
billboard-us,41,2002-10-19,ms045941,"Die Another Day"
billboard-us,28,2002-10-26,ms045941,"Die Another Day"
billboard-us,18,2002-11-02,ms045941,"Die Another Day"
billboard-us,8,2002-11-09,ms045941,"Die Another Day"
billboard-us,8,2002-11-16,ms045941,"Die Another Day"
billboard-us,10,2002-11-23,ms045941,"Die Another Day"
billboard-us,10,2002-11-30,ms045941,"Die Another Day"
billboard-us,14,2002-12-07,ms045941,"Die Another Day"
billboard-us,16,2002-12-14,ms045941,"Die Another Day"
billboard-us,21,2002-12-21,ms045941,"Die Another Day"
billboard-us,35,2002-12-28,ms045941,"Die Another Day"
billboard-us,46,2003-01-04,ms045941,"Die Another Day"
billboard-us,57,2003-01-11,ms045941,"Die Another Day"
billboard-us,79,2003-01-18,ms045941,"Die Another Day"
billboard-us,83,2003-01-25,ms045941,"Die Another Day"
billboard-us,93,2003-02-01,ms045941,"Die Another Day"
billboard-us,98,2003-02-08,ms045941,"Die Another Day"
billboard-us,57,2008-05-17,ms050332,"Give It 2 Me"
billboard-us,71,2009-08-22,ms051339,Celebration
billboard-us,73,2001-05-05,ms051707,"What It Feels Like For A Girl"
billboard-us,46,2001-05-12,ms051707,"What It Feels Like For A Girl"
billboard-us,23,2001-05-19,ms051707,"What It Feels Like For A Girl"
billboard-us,23,2001-05-26,ms051707,"What It Feels Like For A Girl"
billboard-us,23,2001-06-02,ms051707,"What It Feels Like For A Girl"
billboard-us,31,2001-06-09,ms051707,"What It Feels Like For A Girl"
billboard-us,43,2001-06-16,ms051707,"What It Feels Like For A Girl"
billboard-us,67,2001-06-23,ms051707,"What It Feels Like For A Girl"
billboard-us,83,2001-06-30,ms051707,"What It Feels Like For A Girl"
billboard-us,97,2001-07-07,ms051707,"What It Feels Like For A Girl"
billboard-us,43,2000-02-19,ms055109,"American Pie"
billboard-us,35,2000-02-26,ms055109,"American Pie"
billboard-us,29,2000-03-04,ms055109,"American Pie"
billboard-us,29,2000-03-11,ms055109,"American Pie"
billboard-us,33,2000-03-18,ms055109,"American Pie"
billboard-us,32,2000-03-25,ms055109,"American Pie"
billboard-us,40,2000-04-01,ms055109,"American Pie"
billboard-us,58,2000-04-08,ms055109,"American Pie"
billboard-us,88,2000-04-15,ms055109,"American Pie"
top100-uk,36,1984-11-22,ms010296,"Like A Virgin"
top100-uk,27,1984-11-29,ms010296,"Like A Virgin"
top100-uk,8,1984-12-06,ms010296,"Like A Virgin"
top100-uk,5,1984-12-13,ms010296,"Like A Virgin"
top100-uk,4,1984-12-20,ms010296,"Like A Virgin"
top100-uk,5,1984-12-27,ms010296,"Like A Virgin"
top100-uk,4,1985-01-03,ms010296,"Like A Virgin"
top100-uk,3,1985-01-10,ms010296,"Like A Virgin"
top100-uk,4,1985-01-17,ms010296,"Like A Virgin"
top100-uk,7,1985-01-24,ms010296,"Like A Virgin"
top100-uk,9,1985-01-31,ms010296,"Like A Virgin"
top100-uk,15,1985-02-07,ms010296,"Like A Virgin"
top100-uk,23,1985-02-14,ms010296,"Like A Virgin"
top100-uk,31,1985-02-21,ms010296,"Like A Virgin"
top100-uk,38,1985-02-28,ms010296,"Like A Virgin"
top100-uk,40,1984-01-19,ms010584,Holiday
top100-uk,29,1984-01-26,ms010584,Holiday
top100-uk,13,1984-02-02,ms010584,Holiday
top100-uk,7,1984-02-09,ms010584,Holiday
top100-uk,6,1984-02-16,ms010584,Holiday
top100-uk,13,1984-02-23,ms010584,Holiday
top100-uk,18,1984-03-01,ms010584,Holiday
top100-uk,26,1984-03-08,ms010584,Holiday
top100-uk,35,1984-03-15,ms010584,Holiday
top100-uk,32,1985-08-01,ms010584,Holiday
top100-uk,5,1985-08-08,ms010584,Holiday
top100-uk,2,1985-08-15,ms010584,Holiday
top100-uk,3,1985-08-22,ms010584,Holiday
top100-uk,6,1985-08-29,ms010584,Holiday
top100-uk,14,1985-09-05,ms010584,Holiday
top100-uk,23,1985-09-12,ms010584,Holiday
top100-uk,33,1985-09-19,ms010584,Holiday
top100-uk,12,1991-06-06,ms010584,Holiday
top100-uk,5,1991-06-13,ms010584,Holiday
top100-uk,16,1991-06-20,ms010584,Holiday
top100-uk,30,1991-06-27,ms010584,Holiday
top100-uk,30,1984-03-22,ms011438,"Lucky Star"
top100-uk,27,1984-03-29,ms011438,"Lucky Star"
top100-uk,16,1984-04-05,ms011438,"Lucky Star"
top100-uk,14,1984-04-12,ms011438,"Lucky Star"
top100-uk,20,1984-04-19,ms011438,"Lucky Star"
top100-uk,34,1984-04-26,ms011438,"Lucky Star"
top100-uk,37,1984-05-03,ms011438,"Lucky Star"
top100-uk,15,1986-01-23,ms020223,Borderline
top100-uk,4,1986-01-30,ms020223,Borderline
top100-uk,3,1986-02-06,ms020223,Borderline
top100-uk,2,1986-02-13,ms020223,Borderline
top100-uk,6,1986-02-20,ms020223,Borderline
top100-uk,11,1986-02-27,ms020223,Borderline
top100-uk,23,1986-03-06,ms020223,Borderline
top100-uk,12,1985-12-05,ms020999,"Dress You Up"
top100-uk,5,1985-12-12,ms020999,"Dress You Up"
top100-uk,8,1985-12-19,ms020999,"Dress You Up"
top100-uk,9,1985-12-26,ms020999,"Dress You Up"
top100-uk,7,1986-01-02,ms020999,"Dress You Up"
top100-uk,6,1986-01-09,ms020999,"Dress You Up"
top100-uk,21,1986-01-16,ms020999,"Dress You Up"
top100-uk,32,1986-01-23,ms020999,"Dress You Up"
top100-uk,10,1985-09-19,ms021261,Angel
top100-uk,5,1985-09-26,ms021261,Angel
top100-uk,6,1985-10-03,ms021261,Angel
top100-uk,8,1985-10-10,ms021261,Angel
top100-uk,16,1985-10-17,ms021261,Angel
top100-uk,30,1985-10-24,ms021261,Angel
top100-uk,36,1985-10-31,ms021261,Angel
top100-uk,25,1985-06-06,ms021310,"Crazy For You"
top100-uk,9,1985-06-13,ms021310,"Crazy For You"
top100-uk,3,1985-06-20,ms021310,"Crazy For You"
top100-uk,2,1985-06-27,ms021310,"Crazy For You"
top100-uk,3,1985-07-04,ms021310,"Crazy For You"
top100-uk,3,1985-07-11,ms021310,"Crazy For You"
top100-uk,5,1985-07-18,ms021310,"Crazy For You"
top100-uk,6,1985-07-25,ms021310,"Crazy For You"
top100-uk,12,1985-08-01,ms021310,"Crazy For You"
top100-uk,15,1985-08-08,ms021310,"Crazy For You"
top100-uk,19,1985-08-15,ms021310,"Crazy For You"
top100-uk,24,1985-08-22,ms021310,"Crazy For You"
top100-uk,31,1985-08-29,ms021310,"Crazy For You"
top100-uk,24,1985-02-28,ms021415,"Material Girl"
top100-uk,5,1985-03-07,ms021415,"Material Girl"
top100-uk,3,1985-03-14,ms021415,"Material Girl"
top100-uk,3,1985-03-21,ms021415,"Material Girl"
top100-uk,7,1985-03-28,ms021415,"Material Girl"
top100-uk,11,1985-04-04,ms021415,"Material Girl"
top100-uk,16,1985-04-11,ms021415,"Material Girl"
top100-uk,31,1985-04-18,ms021415,"Material Girl"
top100-uk,8,1986-12-11,ms021681,"Open Your Heart"
top100-uk,4,1986-12-18,ms021681,"Open Your Heart"
top100-uk,4,1986-12-25,ms021681,"Open Your Heart"
top100-uk,4,1987-01-01,ms021681,"Open Your Heart"
top100-uk,6,1987-01-08,ms021681,"Open Your Heart"
top100-uk,12,1987-01-15,ms021681,"Open Your Heart"
top100-uk,31,1987-01-22,ms021681,"Open Your Heart"
top100-uk,40,1987-01-29,ms021681,"Open Your Heart"
top100-uk,3,1986-10-02,ms021727,"True Blue"
top100-uk,1,1986-10-09,ms021727,"True Blue"
top100-uk,2,1986-10-16,ms021727,"True Blue"
top100-uk,2,1986-10-23,ms021727,"True Blue"
top100-uk,5,1986-10-30,ms021727,"True Blue"
top100-uk,11,1986-11-06,ms021727,"True Blue"
top100-uk,19,1986-11-13,ms021727,"True Blue"
top100-uk,30,1986-11-20,ms021727,"True Blue"
top100-uk,40,1986-11-27,ms021727,"True Blue"
top100-uk,7,1987-09-17,ms022163,"Causing A Commotion"
top100-uk,4,1987-09-24,ms022163,"Causing A Commotion"
top100-uk,5,1987-10-01,ms022163,"Causing A Commotion"
top100-uk,10,1987-10-08,ms022163,"Causing A Commotion"
top100-uk,15,1987-10-15,ms022163,"Causing A Commotion"
top100-uk,28,1987-10-22,ms022163,"Causing A Commotion"
top100-uk,35,1987-10-29,ms022163,"Causing A Commotion"
top100-uk,10,1986-04-24,ms022195,"Live To Tell"
top100-uk,4,1986-05-01,ms022195,"Live To Tell"
top100-uk,2,1986-05-08,ms022195,"Live To Tell"
top100-uk,5,1986-05-15,ms022195,"Live To Tell"
top100-uk,10,1986-05-22,ms022195,"Live To Tell"
top100-uk,17,1986-05-29,ms022195,"Live To Tell"
top100-uk,23,1986-06-05,ms022195,"Live To Tell"
top100-uk,40,1986-06-12,ms022195,"Live To Tell"
top100-uk,4,1985-07-25,ms022335,"INTO THE GROOVE"
top100-uk,1,1985-08-01,ms022335,"INTO THE GROOVE"
top100-uk,1,1985-08-08,ms022335,"INTO THE GROOVE"
top100-uk,1,1985-08-15,ms022335,"INTO THE GROOVE"
top100-uk,1,1985-08-22,ms022335,"INTO THE GROOVE"
top100-uk,2,1985-08-29,ms022335,"INTO THE GROOVE"
top100-uk,4,1985-09-05,ms022335,"INTO THE GROOVE"
top100-uk,7,1985-09-12,ms022335,"INTO THE GROOVE"
top100-uk,12,1985-09-19,ms022335,"INTO THE GROOVE"
top100-uk,20,1985-09-26,ms022335,"INTO THE GROOVE"
top100-uk,29,1985-10-03,ms022335,"INTO THE GROOVE"
top100-uk,37,1985-10-10,ms022335,"INTO THE GROOVE"
top100-uk,20,1985-10-10,ms022487,GAMBLER
top100-uk,7,1985-10-17,ms022487,GAMBLER
top100-uk,4,1985-10-24,ms022487,GAMBLER
top100-uk,5,1985-10-31,ms022487,GAMBLER
top100-uk,8,1985-11-07,ms022487,GAMBLER
top100-uk,14,1985-11-14,ms022487,GAMBLER
top100-uk,22,1985-11-21,ms022487,GAMBLER
top100-uk,38,1985-11-28,ms022487,GAMBLER
top100-uk,3,1987-07-16,ms022611,"Who's That Girl"
top100-uk,1,1987-07-23,ms022611,"Who's That Girl"
top100-uk,2,1987-07-30,ms022611,"Who's That Girl"
top100-uk,2,1987-08-06,ms022611,"Who's That Girl"
top100-uk,8,1987-08-13,ms022611,"Who's That Girl"
top100-uk,15,1987-08-20,ms022611,"Who's That Girl"
top100-uk,20,1987-08-27,ms022611,"Who's That Girl"
top100-uk,26,1987-09-03,ms022611,"Who's That Girl"
top100-uk,34,1987-09-10,ms022611,"Who's That Girl"
top100-uk,16,1995-12-28,ms022836,"Oh Father"
top100-uk,21,1996-01-04,ms022836,"Oh Father"
top100-uk,32,1996-01-11,ms022836,"Oh Father"
top100-uk,42,1996-01-18,ms022836,"Oh Father"
top100-uk,59,1996-01-25,ms022836,"Oh Father"
top100-uk,73,1996-02-01,ms022836,"Oh Father"
top100-uk,91,1996-02-22,ms022836,"Oh Father"
top100-uk,90,1996-02-29,ms022836,"Oh Father"
top100-uk,94,1996-03-21,ms022836,"Oh Father"
top100-uk,92,1996-04-04,ms022836,"Oh Father"
top100-uk,5,1987-04-02,ms023048,"La Isla Bonita"
top100-uk,3,1987-04-09,ms023048,"La Isla Bonita"
top100-uk,2,1987-04-16,ms023048,"La Isla Bonita"
top100-uk,1,1987-04-23,ms023048,"La Isla Bonita"
top100-uk,1,1987-04-30,ms023048,"La Isla Bonita"
top100-uk,3,1987-05-07,ms023048,"La Isla Bonita"
top100-uk,7,1987-05-14,ms023048,"La Isla Bonita"
top100-uk,17,1987-05-21,ms023048,"La Isla Bonita"
top100-uk,24,1987-05-28,ms023048,"La Isla Bonita"
top100-uk,35,1987-06-04,ms023048,"La Isla Bonita"
top100-uk,16,1989-09-14,ms023096,Cherish
top100-uk,3,1989-09-21,ms023096,Cherish
top100-uk,7,1989-09-28,ms023096,Cherish
top100-uk,10,1989-10-05,ms023096,Cherish
top100-uk,20,1989-10-12,ms023096,Cherish
top100-uk,30,1989-10-19,ms023096,Cherish
top100-uk,10,1989-06-01,ms023458,"Express Yourself"
top100-uk,5,1989-06-08,ms023458,"Express Yourself"
top100-uk,5,1989-06-15,ms023458,"Express Yourself"
top100-uk,10,1989-06-22,ms023458,"Express Yourself"
top100-uk,15,1989-06-29,ms023458,"Express Yourself"
top100-uk,24,1989-07-06,ms023458,"Express Yourself"
top100-uk,34,1989-07-13,ms023458,"Express Yourself"
top100-uk,37,1989-07-20,ms023458,"Express Yourself"
top100-uk,13,1986-06-26,ms023472,"PAPA DON'T PREACH"
top100-uk,2,1986-07-03,ms023472,"PAPA DON'T PREACH"
top100-uk,1,1986-07-10,ms023472,"PAPA DON'T PREACH"
top100-uk,1,1986-07-17,ms023472,"PAPA DON'T PREACH"
top100-uk,1,1986-07-24,ms023472,"PAPA DON'T PREACH"
top100-uk,2,1986-07-31,ms023472,"PAPA DON'T PREACH"
top100-uk,3,1986-08-07,ms023472,"PAPA DON'T PREACH"
top100-uk,7,1986-08-14,ms023472,"PAPA DON'T PREACH"
top100-uk,13,1986-08-21,ms023472,"PAPA DON'T PREACH"
top100-uk,22,1986-08-28,ms023472,"PAPA DON'T PREACH"
top100-uk,40,1986-09-04,ms023472,"PAPA DON'T PREACH"
top100-uk,2,1989-03-16,ms023784,"Like A Prayer"
top100-uk,1,1989-03-23,ms023784,"Like A Prayer"
top100-uk,1,1989-03-30,ms023784,"Like A Prayer"
top100-uk,1,1989-04-06,ms023784,"Like A Prayer"
top100-uk,3,1989-04-13,ms023784,"Like A Prayer"
top100-uk,8,1989-04-20,ms023784,"Like A Prayer"
top100-uk,18,1989-04-27,ms023784,"Like A Prayer"
top100-uk,25,1989-05-04,ms023784,"Like A Prayer"
top100-uk,27,1989-05-11,ms023784,"Like A Prayer"
top100-uk,15,1987-12-10,ms024047,"THE LOOK OF LOVE"
top100-uk,9,1987-12-17,ms024047,"THE LOOK OF LOVE"
top100-uk,14,1987-12-24,ms024047,"THE LOOK OF LOVE"
top100-uk,16,1987-12-31,ms024047,"THE LOOK OF LOVE"
top100-uk,15,1988-01-07,ms024047,"THE LOOK OF LOVE"
top100-uk,36,1988-01-14,ms024047,"THE LOOK OF LOVE"
top100-uk,9,1990-12-06,ms024060,"Justify My Love"
top100-uk,2,1990-12-13,ms024060,"Justify My Love"
top100-uk,3,1990-12-20,ms024060,"Justify My Love"
top100-uk,7,1990-12-27,ms024060,"Justify My Love"
top100-uk,8,1991-01-03,ms024060,"Justify My Love"
top100-uk,11,1991-01-10,ms024060,"Justify My Love"
top100-uk,24,1991-01-17,ms024060,"Justify My Love"
top100-uk,38,1991-01-24,ms024060,"Justify My Love"
top100-uk,4,1990-04-05,ms024392,Vogue
top100-uk,1,1990-04-12,ms024392,Vogue
top100-uk,1,1990-04-19,ms024392,Vogue
top100-uk,1,1990-04-26,ms024392,Vogue
top100-uk,1,1990-05-03,ms024392,Vogue
top100-uk,4,1990-05-10,ms024392,Vogue
top100-uk,6,1990-05-17,ms024392,Vogue
top100-uk,8,1990-05-24,ms024392,Vogue
top100-uk,9,1990-05-31,ms024392,Vogue
top100-uk,15,1990-06-07,ms024392,Vogue
top100-uk,27,1990-06-14,ms024392,Vogue
top100-uk,36,1990-06-21,ms024392,Vogue
top100-uk,14,1990-07-19,ms024414,"Hanky Panky"
top100-uk,4,1990-07-26,ms024414,"Hanky Panky"
top100-uk,2,1990-08-02,ms024414,"Hanky Panky"
top100-uk,6,1990-08-09,ms024414,"Hanky Panky"
top100-uk,8,1990-08-16,ms024414,"Hanky Panky"
top100-uk,19,1990-08-23,ms024414,"Hanky Panky"
top100-uk,26,1990-08-30,ms024414,"Hanky Panky"
top100-uk,37,1990-09-06,ms024414,"Hanky Panky"
top100-uk,9,1989-12-14,ms024929,"DEAR JESSIE"
top100-uk,7,1989-12-21,ms024929,"DEAR JESSIE"
top100-uk,5,1989-12-28,ms024929,"DEAR JESSIE"
top100-uk,5,1990-01-04,ms024929,"DEAR JESSIE"
top100-uk,5,1990-01-11,ms024929,"DEAR JESSIE"
top100-uk,16,1990-01-18,ms024929,"DEAR JESSIE"
top100-uk,28,1990-01-25,ms024929,"DEAR JESSIE"
top100-uk,4,1991-04-11,ms025614,"Rescue Me"
top100-uk,3,1991-04-18,ms025614,"Rescue Me"
top100-uk,5,1991-04-25,ms025614,"Rescue Me"
top100-uk,13,1991-05-02,ms025614,"Rescue Me"
top100-uk,19,1991-05-09,ms025614,"Rescue Me"
top100-uk,32,1991-05-16,ms025614,"Rescue Me"
top100-uk,2,1991-02-28,ms025833,"CRAZY FOR YOU (REMIX)"
top100-uk,2,1991-03-07,ms025833,"CRAZY FOR YOU (REMIX)"
top100-uk,4,1991-03-14,ms025833,"CRAZY FOR YOU (REMIX)"
top100-uk,14,1991-03-21,ms025833,"CRAZY FOR YOU (REMIX)"
top100-uk,23,1991-03-28,ms025833,"CRAZY FOR YOU (REMIX)"
top100-uk,34,1991-04-04,ms025833,"CRAZY FOR YOU (REMIX)"
top100-uk,10,1992-12-10,ms025921,"Deeper And Deeper"
top100-uk,6,1992-12-17,ms025921,"Deeper And Deeper"
top100-uk,10,1992-12-24,ms025921,"Deeper And Deeper"
top100-uk,13,1992-12-31,ms025921,"Deeper And Deeper"
top100-uk,12,1993-01-07,ms025921,"Deeper And Deeper"
top100-uk,30,1993-01-14,ms025921,"Deeper And Deeper"
top100-uk,40,1993-01-21,ms025921,"Deeper And Deeper"
top100-uk,11,1992-10-15,ms025990,Erotica
top100-uk,4,1992-10-22,ms025990,Erotica
top100-uk,3,1992-10-29,ms025990,Erotica
top100-uk,7,1992-11-05,ms025990,Erotica
top100-uk,17,1992-11-12,ms025990,Erotica
top100-uk,5,1994-09-29,ms026112,Secret
top100-uk,10,1994-10-06,ms026112,Secret
top100-uk,12,1994-10-13,ms026112,Secret
top100-uk,18,1994-10-20,ms026112,Secret
top100-uk,15,1994-10-27,ms026112,Secret
top100-uk,22,1994-11-03,ms026112,Secret
top100-uk,34,1994-11-10,ms026112,Secret
top100-uk,54,1994-11-17,ms026112,Secret
top100-uk,74,1994-11-24,ms026112,Secret
top100-uk,94,1994-12-15,ms026112,Secret
top100-uk,17,1994-12-08,ms026118,"Take A Bow"
top100-uk,16,1994-12-15,ms026118,"Take A Bow"
top100-uk,18,1994-12-22,ms026118,"Take A Bow"
top100-uk,21,1994-12-29,ms026118,"Take A Bow"
top100-uk,25,1995-01-05,ms026118,"Take A Bow"
top100-uk,32,1995-01-12,ms026118,"Take A Bow"
top100-uk,44,1995-01-19,ms026118,"Take A Bow"
top100-uk,61,1995-01-26,ms026118,"Take A Bow"
top100-uk,71,1995-02-02,ms026118,"Take A Bow"
top100-uk,5,1992-07-23,ms026171,"This Used To Be My Playground"
top100-uk,3,1992-07-30,ms026171,"This Used To Be My Playground"
top100-uk,3,1992-08-06,ms026171,"This Used To Be My Playground"
top100-uk,6,1992-08-13,ms026171,"This Used To Be My Playground"
top100-uk,13,1992-08-20,ms026171,"This Used To Be My Playground"
top100-uk,18,1992-08-27,ms026171,"This Used To Be My Playground"
top100-uk,28,1992-09-03,ms026171,"This Used To Be My Playground"
top100-uk,11,1995-10-26,ms026556,"You'll See"
top100-uk,8,1995-11-02,ms026556,"You'll See"
top100-uk,5,1995-11-09,ms026556,"You'll See"
top100-uk,6,1995-11-16,ms026556,"You'll See"
top100-uk,9,1995-11-23,ms026556,"You'll See"
top100-uk,13,1995-11-30,ms026556,"You'll See"
top100-uk,16,1995-12-07,ms026556,"You'll See"
top100-uk,21,1995-12-14,ms026556,"You'll See"
top100-uk,19,1995-12-21,ms026556,"You'll See"
top100-uk,25,1995-12-28,ms026556,"You'll See"
top100-uk,32,1996-01-04,ms026556,"You'll See"
top100-uk,49,1996-01-11,ms026556,"You'll See"
top100-uk,66,1996-01-18,ms026556,"You'll See"
top100-uk,85,1996-02-01,ms026556,"You'll See"
top100-uk,7,1993-07-29,ms026809,Rain
top100-uk,7,1993-08-05,ms026809,Rain
top100-uk,10,1993-08-12,ms026809,Rain
top100-uk,15,1993-08-19,ms026809,Rain
top100-uk,26,1993-08-26,ms026809,Rain
top100-uk,8,1995-08-17,ms027128,"Human Nature"
top100-uk,21,1995-08-24,ms027128,"Human Nature"
top100-uk,28,1995-08-31,ms027128,"Human Nature"
top100-uk,46,1995-09-07,ms027128,"Human Nature"
top100-uk,64,1995-09-14,ms027128,"Human Nature"
top100-uk,90,1995-10-19,ms027128,"Human Nature"
top100-uk,11,1993-03-04,ms027437,"Bad Girl"
top100-uk,10,1993-03-11,ms027437,"Bad Girl"
top100-uk,20,1993-03-18,ms027437,"Bad Girl"
top100-uk,30,1993-03-25,ms027437,"Bad Girl"
top100-uk,2,1998-04-30,ms028434,"Ray Of Light"
top100-uk,8,1998-05-07,ms028434,"Ray Of Light"
top100-uk,12,1998-05-14,ms028434,"Ray Of Light"
top100-uk,13,1998-05-21,ms028434,"Ray Of Light"
top100-uk,22,1998-05-28,ms028434,"Ray Of Light"
top100-uk,33,1998-06-04,ms028434,"Ray Of Light"
top100-uk,40,1998-06-11,ms028434,"Ray Of Light"
top100-uk,49,1998-06-18,ms028434,"Ray Of Light"
top100-uk,59,1998-06-25,ms028434,"Ray Of Light"
top100-uk,75,1998-07-09,ms028434,"Ray Of Light"
top100-uk,77,1998-07-16,ms028434,"Ray Of Light"
top100-uk,79,1998-07-23,ms028434,"Ray Of Light"
top100-uk,82,1998-07-30,ms028434,"Ray Of Light"
top100-uk,96,1998-08-20,ms028434,"Ray Of Light"
top100-uk,89,1998-08-27,ms028434,"Ray Of Light"
top100-uk,95,1998-09-03,ms028434,"Ray Of Light"
top100-uk,93,1998-09-10,ms028434,"Ray Of Light"
top100-uk,94,1998-09-17,ms028434,"Ray Of Light"
top100-uk,10,1994-03-24,ms028781,"I'LL REMEMBER"
top100-uk,7,1994-03-31,ms028781,"I'LL REMEMBER"
top100-uk,8,1994-04-07,ms028781,"I'LL REMEMBER"
top100-uk,16,1994-04-14,ms028781,"I'LL REMEMBER"
top100-uk,29,1994-04-21,ms028781,"I'LL REMEMBER"
top100-uk,42,1994-04-28,ms028781,"I'LL REMEMBER"
top100-uk,64,1994-05-05,ms028781,"I'LL REMEMBER"
top100-uk,66,1994-05-12,ms028781,"I'LL REMEMBER"
top100-uk,78,1994-05-19,ms028781,"I'LL REMEMBER"
top100-uk,96,1994-05-26,ms028781,"I'LL REMEMBER"
top100-uk,1,1998-02-26,ms029180,Frozen
top100-uk,3,1998-03-05,ms029180,Frozen
top100-uk,5,1998-03-12,ms029180,Frozen
top100-uk,6,1998-03-19,ms029180,Frozen
top100-uk,13,1998-03-26,ms029180,Frozen
top100-uk,13,1998-04-02,ms029180,Frozen
top100-uk,18,1998-04-09,ms029180,Frozen
top100-uk,22,1998-04-16,ms029180,Frozen
top100-uk,34,1998-04-23,ms029180,Frozen
top100-uk,44,1998-04-30,ms029180,Frozen
top100-uk,60,1998-05-07,ms029180,Frozen
top100-uk,64,1998-05-14,ms029180,Frozen
top100-uk,68,1998-05-21,ms029180,Frozen
top100-uk,4,1995-02-16,ms031210,"Bedtime Story"
top100-uk,8,1995-02-23,ms031210,"Bedtime Story"
top100-uk,21,1995-03-02,ms031210,"Bedtime Story"
top100-uk,41,1995-03-09,ms031210,"Bedtime Story"
top100-uk,61,1995-03-16,ms031210,"Bedtime Story"
top100-uk,61,1995-03-23,ms031210,"Bedtime Story"
top100-uk,62,1995-03-30,ms031210,"Bedtime Story"
top100-uk,72,1995-04-06,ms031210,"Bedtime Story"
top100-uk,80,1995-04-13,ms031210,"Bedtime Story"
top100-uk,66,1995-04-27,ms031210,"Bedtime Story"
top100-uk,86,1995-05-04,ms031210,"Bedtime Story"
top100-uk,80,1995-05-11,ms031210,"Bedtime Story"
top100-uk,93,1995-05-18,ms031210,"Bedtime Story"
top100-uk,6,1993-04-01,ms031219,FEVER
top100-uk,7,1993-04-08,ms031219,FEVER
top100-uk,18,1993-04-15,ms031219,FEVER
top100-uk,30,1993-04-22,ms031219,FEVER
top100-uk,3,1996-12-19,ms032975,"DON'T CRY FOR ME ARGENTINA"
top100-uk,5,1996-12-26,ms032975,"DON'T CRY FOR ME ARGENTINA"
top100-uk,10,1997-01-02,ms032975,"DON'T CRY FOR ME ARGENTINA"
top100-uk,5,1997-01-09,ms032975,"DON'T CRY FOR ME ARGENTINA"
top100-uk,7,1997-01-16,ms032975,"DON'T CRY FOR ME ARGENTINA"
top100-uk,12,1997-01-23,ms032975,"DON'T CRY FOR ME ARGENTINA"
top100-uk,21,1997-01-30,ms032975,"DON'T CRY FOR ME ARGENTINA"
top100-uk,34,1997-02-06,ms032975,"DON'T CRY FOR ME ARGENTINA"
top100-uk,35,1997-02-13,ms032975,"DON'T CRY FOR ME ARGENTINA"
top100-uk,51,1997-02-20,ms032975,"DON'T CRY FOR ME ARGENTINA"
top100-uk,62,1997-02-27,ms032975,"DON'T CRY FOR ME ARGENTINA"
top100-uk,73,1997-03-06,ms032975,"DON'T CRY FOR ME ARGENTINA"
top100-uk,97,1997-04-03,ms032975,"DON'T CRY FOR ME ARGENTINA"
top100-uk,10,1996-10-24,ms033131,"YOU MUST LOVE ME"
top100-uk,24,1996-10-31,ms033131,"YOU MUST LOVE ME"
top100-uk,39,1996-11-07,ms033131,"YOU MUST LOVE ME"
top100-uk,61,1996-11-14,ms033131,"YOU MUST LOVE ME"
top100-uk,88,1996-12-19,ms033131,"YOU MUST LOVE ME"
top100-uk,75,1996-12-26,ms033131,"YOU MUST LOVE ME"
top100-uk,78,1997-01-02,ms033131,"YOU MUST LOVE ME"
top100-uk,71,1997-01-09,ms033131,"YOU MUST LOVE ME"
top100-uk,83,1997-01-16,ms033131,"YOU MUST LOVE ME"
top100-uk,11,1996-03-14,ms034132,"ONE MORE CHANCE"
top100-uk,29,1996-03-21,ms034132,"ONE MORE CHANCE"
top100-uk,47,1996-03-28,ms034132,"ONE MORE CHANCE"
top100-uk,61,1996-04-04,ms034132,"ONE MORE CHANCE"
top100-uk,99,1996-05-16,ms034132,"ONE MORE CHANCE"
top100-uk,7,1997-03-20,ms035286,"ANOTHER SUITCASE IN ANOTHER HALL"
top100-uk,24,1997-03-27,ms035286,"ANOTHER SUITCASE IN ANOTHER HALL"
top100-uk,46,1997-04-03,ms035286,"ANOTHER SUITCASE IN ANOTHER HALL"
top100-uk,58,1997-04-10,ms035286,"ANOTHER SUITCASE IN ANOTHER HALL"
top100-uk,72,1997-04-17,ms035286,"ANOTHER SUITCASE IN ANOTHER HALL"
top100-uk,78,1997-04-24,ms035286,"ANOTHER SUITCASE IN ANOTHER HALL"
top100-uk,89,1997-05-15,ms035286,"ANOTHER SUITCASE IN ANOTHER HALL"
top100-uk,96,1997-05-22,ms035286,"ANOTHER SUITCASE IN ANOTHER HALL"
top100-uk,2,1999-06-10,ms037811,"Beautiful Stranger"
top100-uk,4,1999-06-17,ms037811,"Beautiful Stranger"
top100-uk,8,1999-06-24,ms037811,"Beautiful Stranger"
top100-uk,10,1999-07-01,ms037811,"Beautiful Stranger"
top100-uk,10,1999-07-08,ms037811,"Beautiful Stranger"
top100-uk,14,1999-07-15,ms037811,"Beautiful Stranger"
top100-uk,18,1999-07-22,ms037811,"Beautiful Stranger"
top100-uk,21,1999-07-29,ms037811,"Beautiful Stranger"
top100-uk,21,1999-08-05,ms037811,"Beautiful Stranger"
top100-uk,21,1999-08-12,ms037811,"Beautiful Stranger"
top100-uk,25,1999-08-19,ms037811,"Beautiful Stranger"
top100-uk,33,1999-08-26,ms037811,"Beautiful Stranger"
top100-uk,40,1999-09-02,ms037811,"Beautiful Stranger"
top100-uk,48,1999-09-09,ms037811,"Beautiful Stranger"
top100-uk,59,1999-09-16,ms037811,"Beautiful Stranger"
top100-uk,72,1999-09-23,ms037811,"Beautiful Stranger"
top100-uk,7,1999-03-04,ms038288,"Nothing Really Matters"
top100-uk,16,1999-03-11,ms038288,"Nothing Really Matters"
top100-uk,24,1999-03-18,ms038288,"Nothing Really Matters"
top100-uk,35,1999-03-25,ms038288,"Nothing Really Matters"
top100-uk,51,1999-04-01,ms038288,"Nothing Really Matters"
top100-uk,46,1999-04-08,ms038288,"Nothing Really Matters"
top100-uk,58,1999-04-15,ms038288,"Nothing Really Matters"
top100-uk,69,1999-04-22,ms038288,"Nothing Really Matters"
top100-uk,85,1999-05-13,ms038288,"Nothing Really Matters"
top100-uk,77,1999-05-20,ms038288,"Nothing Really Matters"
top100-uk,75,1999-05-27,ms038288,"Nothing Really Matters"
top100-uk,93,1999-09-02,ms038288,"Nothing Really Matters"
top100-uk,10,1998-08-27,ms038813,"DROWNED WORLD (SUBSTITUTE FOR LOVE)"
top100-uk,27,1998-09-03,ms038813,"DROWNED WORLD (SUBSTITUTE FOR LOVE)"
top100-uk,40,1998-09-10,ms038813,"DROWNED WORLD (SUBSTITUTE FOR LOVE)"
top100-uk,50,1998-09-17,ms038813,"DROWNED WORLD (SUBSTITUTE FOR LOVE)"
top100-uk,66,1998-09-24,ms038813,"DROWNED WORLD (SUBSTITUTE FOR LOVE)"
top100-uk,78,1998-10-01,ms038813,"DROWNED WORLD (SUBSTITUTE FOR LOVE)"
top100-uk,81,1998-10-29,ms038813,"DROWNED WORLD (SUBSTITUTE FOR LOVE)"
top100-uk,81,1998-11-05,ms038813,"DROWNED WORLD (SUBSTITUTE FOR LOVE)"
top100-uk,90,1998-11-12,ms038813,"DROWNED WORLD (SUBSTITUTE FOR LOVE)"
top100-uk,91,1998-10-08,ms039063,"THE POWER OF GOODBYE"
top100-uk,99,1998-11-19,ms039063,"THE POWER OF GOODBYE"
top100-uk,6,1998-11-26,ms039385,"THE POWER OF GOOD-BYE/LITTLE STAR"
top100-uk,17,1998-12-03,ms039385,"THE POWER OF GOOD-BYE/LITTLE STAR"
top100-uk,25,1998-12-10,ms039385,"THE POWER OF GOOD-BYE/LITTLE STAR"
top100-uk,32,1998-12-17,ms039385,"THE POWER OF GOOD-BYE/LITTLE STAR"
top100-uk,30,1998-12-24,ms039385,"THE POWER OF GOOD-BYE/LITTLE STAR"
top100-uk,36,1998-12-31,ms039385,"THE POWER OF GOOD-BYE/LITTLE STAR"
top100-uk,41,1999-01-07,ms039385,"THE POWER OF GOOD-BYE/LITTLE STAR"
top100-uk,52,1999-01-14,ms039385,"THE POWER OF GOOD-BYE/LITTLE STAR"
top100-uk,61,1999-01-21,ms039385,"THE POWER OF GOOD-BYE/LITTLE STAR"
top100-uk,92,1999-03-04,ms039385,"THE POWER OF GOOD-BYE/LITTLE STAR"
top100-uk,92,1999-03-11,ms039385,"THE POWER OF GOOD-BYE/LITTLE STAR"
top100-uk,1,2005-11-10,ms042107,"Hung Up"
top100-uk,1,2005-11-17,ms042107,"Hung Up"
top100-uk,1,2005-11-24,ms042107,"Hung Up"
top100-uk,3,2005-12-01,ms042107,"Hung Up"
top100-uk,2,2005-12-08,ms042107,"Hung Up"
top100-uk,4,2005-12-15,ms042107,"Hung Up"
top100-uk,8,2005-12-22,ms042107,"Hung Up"
top100-uk,3,2005-12-29,ms042107,"Hung Up"
top100-uk,3,2006-01-05,ms042107,"Hung Up"
top100-uk,7,2006-01-12,ms042107,"Hung Up"
top100-uk,14,2006-01-19,ms042107,"Hung Up"
top100-uk,13,2006-01-26,ms042107,"Hung Up"
top100-uk,18,2006-02-02,ms042107,"Hung Up"
top100-uk,17,2006-02-09,ms042107,"Hung Up"
top100-uk,16,2006-02-16,ms042107,"Hung Up"
top100-uk,20,2006-02-23,ms042107,"Hung Up"
top100-uk,26,2006-03-02,ms042107,"Hung Up"
top100-uk,32,2006-03-09,ms042107,"Hung Up"
top100-uk,42,2006-03-16,ms042107,"Hung Up"
top100-uk,45,2006-03-23,ms042107,"Hung Up"
top100-uk,52,2006-03-30,ms042107,"Hung Up"
top100-uk,41,2006-04-06,ms042107,"Hung Up"
top100-uk,50,2006-04-13,ms042107,"Hung Up"
top100-uk,58,2006-04-20,ms042107,"Hung Up"
top100-uk,61,2006-04-27,ms042107,"Hung Up"
top100-uk,63,2006-05-04,ms042107,"Hung Up"
top100-uk,68,2006-05-11,ms042107,"Hung Up"
top100-uk,68,2006-05-18,ms042107,"Hung Up"
top100-uk,66,2006-05-25,ms042107,"Hung Up"
top100-uk,78,2006-06-01,ms042107,"Hung Up"
top100-uk,96,2006-06-08,ms042107,"Hung Up"
top100-uk,97,2006-06-22,ms042107,"Hung Up"
top100-uk,100,2006-07-06,ms042107,"Hung Up"
top100-uk,96,2006-07-13,ms042107,"Hung Up"
top100-uk,99,2006-07-20,ms042107,"Hung Up"
top100-uk,94,2006-07-27,ms042107,"Hung Up"
top100-uk,79,2006-08-03,ms042107,"Hung Up"
top100-uk,85,2006-08-10,ms042107,"Hung Up"
top100-uk,89,2006-08-17,ms042107,"Hung Up"
top100-uk,96,2006-08-24,ms042107,"Hung Up"
top100-uk,1,2006-02-23,ms042429,Sorry
top100-uk,4,2006-03-02,ms042429,Sorry
top100-uk,7,2006-03-09,ms042429,Sorry
top100-uk,9,2006-03-16,ms042429,Sorry
top100-uk,14,2006-03-23,ms042429,Sorry
top100-uk,20,2006-03-30,ms042429,Sorry
top100-uk,18,2006-04-06,ms042429,Sorry
top100-uk,24,2006-04-13,ms042429,Sorry
top100-uk,29,2006-04-20,ms042429,Sorry
top100-uk,38,2006-04-27,ms042429,Sorry
top100-uk,36,2006-05-04,ms042429,Sorry
top100-uk,44,2006-05-11,ms042429,Sorry
top100-uk,51,2006-05-18,ms042429,Sorry
top100-uk,65,2006-05-25,ms042429,Sorry
top100-uk,75,2006-06-01,ms042429,Sorry
top100-uk,97,2006-06-08,ms042429,Sorry
top100-uk,100,2006-06-15,ms042429,Sorry
top100-uk,93,2006-08-03,ms042429,Sorry
top100-uk,100,2006-08-10,ms042429,Sorry
top100-uk,45,2006-07-20,ms042853,"GET TOGETHER"
top100-uk,7,2006-07-27,ms042853,"GET TOGETHER"
top100-uk,16,2006-08-03,ms042853,"GET TOGETHER"
top100-uk,29,2006-08-10,ms042853,"GET TOGETHER"
top100-uk,42,2006-08-17,ms042853,"GET TOGETHER"
top100-uk,57,2006-08-24,ms042853,"GET TOGETHER"
top100-uk,79,2006-08-31,ms042853,"GET TOGETHER"
top100-uk,82,2006-09-07,ms042853,"GET TOGETHER"
top100-uk,98,2006-09-14,ms042853,"GET TOGETHER"
top100-uk,59,2006-11-02,ms043324,JUMP
top100-uk,9,2006-11-09,ms043324,JUMP
top100-uk,20,2006-11-16,ms043324,JUMP
top100-uk,32,2006-11-23,ms043324,JUMP
top100-uk,43,2006-11-30,ms043324,JUMP
top100-uk,64,2006-12-07,ms043324,JUMP
top100-uk,87,2006-12-14,ms043324,JUMP
top100-uk,11,2003-12-11,ms044320,"LOVE PROFUSION"
top100-uk,33,2003-12-18,ms044320,"LOVE PROFUSION"
top100-uk,38,2003-12-25,ms044320,"LOVE PROFUSION"
top100-uk,42,2004-01-01,ms044320,"LOVE PROFUSION"
top100-uk,50,2004-01-08,ms044320,"LOVE PROFUSION"
top100-uk,62,2004-01-15,ms044320,"LOVE PROFUSION"
top100-uk,57,2003-04-10,ms044356,"American Life"
top100-uk,2,2003-04-17,ms044356,"American Life"
top100-uk,12,2003-04-24,ms044356,"American Life"
top100-uk,20,2003-05-01,ms044356,"American Life"
top100-uk,25,2003-05-08,ms044356,"American Life"
top100-uk,35,2003-05-15,ms044356,"American Life"
top100-uk,43,2003-05-22,ms044356,"American Life"
top100-uk,50,2003-05-29,ms044356,"American Life"
top100-uk,67,2003-06-05,ms044356,"American Life"
top100-uk,70,2003-06-12,ms044356,"American Life"
top100-uk,48,2003-06-19,ms044356,"American Life"
top100-uk,45,2003-06-26,ms044356,"American Life"
top100-uk,87,2003-07-03,ms044356,"American Life"
top100-uk,84,2003-07-10,ms044356,"American Life"
top100-uk,86,2003-12-11,ms044356,"American Life"
top100-uk,94,2003-12-18,ms044356,"American Life"
top100-uk,89,2003-12-25,ms044356,"American Life"
top100-uk,78,2004-01-01,ms044356,"American Life"
top100-uk,92,2004-01-15,ms044356,"American Life"
top100-uk,2,2003-07-10,ms044453,HOLLYWOOD
top100-uk,15,2003-07-17,ms044453,HOLLYWOOD
top100-uk,22,2003-07-24,ms044453,HOLLYWOOD
top100-uk,33,2003-07-31,ms044453,HOLLYWOOD
top100-uk,48,2003-08-07,ms044453,HOLLYWOOD
top100-uk,60,2003-08-14,ms044453,HOLLYWOOD
top100-uk,60,2003-08-21,ms044453,HOLLYWOOD
top100-uk,4,2000-11-30,ms045762,"Don't Tell Me"
top100-uk,11,2000-12-07,ms045762,"Don't Tell Me"
top100-uk,13,2000-12-14,ms045762,"Don't Tell Me"
top100-uk,16,2000-12-21,ms045762,"Don't Tell Me"
top100-uk,16,2000-12-28,ms045762,"Don't Tell Me"
top100-uk,17,2001-01-04,ms045762,"Don't Tell Me"
top100-uk,28,2001-01-11,ms045762,"Don't Tell Me"
top100-uk,40,2001-01-18,ms045762,"Don't Tell Me"
top100-uk,49,2001-01-25,ms045762,"Don't Tell Me"
top100-uk,65,2001-02-01,ms045762,"Don't Tell Me"
top100-uk,97,2001-03-08,ms045762,"Don't Tell Me"
top100-uk,1,2000-08-24,ms045869,Music
top100-uk,2,2000-08-31,ms045869,Music
top100-uk,5,2000-09-07,ms045869,Music
top100-uk,11,2000-09-14,ms045869,Music
top100-uk,14,2000-09-21,ms045869,Music
top100-uk,13,2000-09-28,ms045869,Music
top100-uk,23,2000-10-05,ms045869,Music
top100-uk,33,2000-10-12,ms045869,Music
top100-uk,36,2000-10-19,ms045869,Music
top100-uk,28,2000-10-26,ms045869,Music
top100-uk,31,2000-11-02,ms045869,Music
top100-uk,29,2000-11-09,ms045869,Music
top100-uk,33,2000-11-16,ms045869,Music
top100-uk,49,2000-11-23,ms045869,Music
top100-uk,50,2000-11-30,ms045869,Music
top100-uk,50,2000-12-07,ms045869,Music
top100-uk,55,2000-12-14,ms045869,Music
top100-uk,56,2000-12-21,ms045869,Music
top100-uk,48,2000-12-28,ms045869,Music
top100-uk,33,2001-01-04,ms045869,Music
top100-uk,36,2001-01-11,ms045869,Music
top100-uk,47,2001-01-18,ms045869,Music
top100-uk,63,2001-01-25,ms045869,Music
top100-uk,100,2001-05-10,ms045869,Music
top100-uk,93,2002-10-24,ms045941,"Die Another Day"
top100-uk,3,2002-10-31,ms045941,"Die Another Day"
top100-uk,12,2002-11-07,ms045941,"Die Another Day"
top100-uk,18,2002-11-14,ms045941,"Die Another Day"
top100-uk,18,2002-11-21,ms045941,"Die Another Day"
top100-uk,16,2002-11-28,ms045941,"Die Another Day"
top100-uk,20,2002-12-05,ms045941,"Die Another Day"
top100-uk,24,2002-12-12,ms045941,"Die Another Day"
top100-uk,32,2002-12-19,ms045941,"Die Another Day"
top100-uk,34,2002-12-26,ms045941,"Die Another Day"
top100-uk,29,2003-01-02,ms045941,"Die Another Day"
top100-uk,43,2003-01-09,ms045941,"Die Another Day"
top100-uk,56,2003-01-16,ms045941,"Die Another Day"
top100-uk,63,2003-01-23,ms045941,"Die Another Day"
top100-uk,63,2003-01-30,ms045941,"Die Another Day"
top100-uk,47,2003-02-06,ms045941,"Die Another Day"
top100-uk,52,2003-02-13,ms045941,"Die Another Day"
top100-uk,80,2003-02-20,ms045941,"Die Another Day"
top100-uk,73,2008-05-01,ms050332,"Give It 2 Me"
top100-uk,93,2008-05-08,ms050332,"Give It 2 Me"
top100-uk,60,2008-05-15,ms050332,"Give It 2 Me"
top100-uk,80,2008-06-05,ms050332,"Give It 2 Me"
top100-uk,36,2008-06-12,ms050332,"Give It 2 Me"
top100-uk,25,2008-06-19,ms050332,"Give It 2 Me"
top100-uk,25,2008-06-26,ms050332,"Give It 2 Me"
top100-uk,18,2008-07-03,ms050332,"Give It 2 Me"
top100-uk,17,2008-07-10,ms050332,"Give It 2 Me"
top100-uk,7,2008-07-17,ms050332,"Give It 2 Me"
top100-uk,10,2008-07-24,ms050332,"Give It 2 Me"
top100-uk,13,2008-07-31,ms050332,"Give It 2 Me"
top100-uk,17,2008-08-07,ms050332,"Give It 2 Me"
top100-uk,20,2008-08-14,ms050332,"Give It 2 Me"
top100-uk,23,2008-08-21,ms050332,"Give It 2 Me"
top100-uk,18,2008-08-28,ms050332,"Give It 2 Me"
top100-uk,24,2008-09-04,ms050332,"Give It 2 Me"
top100-uk,34,2008-09-11,ms050332,"Give It 2 Me"
top100-uk,35,2008-09-18,ms050332,"Give It 2 Me"
top100-uk,56,2008-09-25,ms050332,"Give It 2 Me"
top100-uk,69,2008-10-02,ms050332,"Give It 2 Me"
top100-uk,78,2008-10-09,ms050332,"Give It 2 Me"
top100-uk,97,2008-10-16,ms050332,"Give It 2 Me"
top100-uk,39,2008-11-27,ms050590,"MILES AWAY"
top100-uk,68,2008-12-04,ms050590,"MILES AWAY"
top100-uk,3,2009-09-17,ms051339,Celebration
top100-uk,8,2009-09-24,ms051339,Celebration
top100-uk,14,2009-10-01,ms051339,Celebration
top100-uk,25,2009-10-08,ms051339,Celebration
top100-uk,37,2009-10-15,ms051339,Celebration
top100-uk,56,2009-10-22,ms051339,Celebration
top100-uk,88,2009-10-29,ms051339,Celebration
top100-uk,7,2001-04-19,ms051707,"What It Feels Like For A Girl"
top100-uk,19,2001-04-26,ms051707,"What It Feels Like For A Girl"
top100-uk,30,2001-05-03,ms051707,"What It Feels Like For A Girl"
top100-uk,33,2001-05-10,ms051707,"What It Feels Like For A Girl"
top100-uk,37,2001-05-17,ms051707,"What It Feels Like For A Girl"
top100-uk,47,2001-05-24,ms051707,"What It Feels Like For A Girl"
top100-uk,53,2001-05-31,ms051707,"What It Feels Like For A Girl"
top100-uk,65,2001-06-07,ms051707,"What It Feels Like For A Girl"
top100-uk,68,2001-06-14,ms051707,"What It Feels Like For A Girl"
top100-uk,79,2001-06-28,ms051707,"What It Feels Like For A Girl"
top100-uk,66,2001-07-05,ms051707,"What It Feels Like For A Girl"
top100-uk,66,2001-07-12,ms051707,"What It Feels Like For A Girl"
top100-uk,1,2000-03-02,ms055109,"American Pie"
top100-uk,2,2000-03-09,ms055109,"American Pie"
top100-uk,5,2000-03-16,ms055109,"American Pie"
top100-uk,8,2000-03-23,ms055109,"American Pie"
top100-uk,11,2000-03-30,ms055109,"American Pie"
top100-uk,17,2000-04-06,ms055109,"American Pie"
top100-uk,27,2000-04-13,ms055109,"American Pie"
top100-uk,34,2000-04-20,ms055109,"American Pie"
top100-uk,44,2000-04-27,ms055109,"American Pie"
top100-uk,53,2000-05-04,ms055109,"American Pie"
top100-uk,58,2000-05-11,ms055109,"American Pie"
top100-uk,70,2000-05-18,ms055109,"American Pie"
top100-uk,78,2000-05-25,ms055109,"American Pie"
top100-uk,76,2000-06-01,ms055109,"American Pie"
top100-uk,68,2000-06-08,ms055109,"American Pie"
top100-uk,69,2000-06-15,ms055109,"American Pie"
top100-uk,96,2000-06-22,ms055109,"American Pie"
top100-uk,91,2000-06-29,ms055109,"American Pie"
top100-uk,68,2012-04-01,ms063094,MASTERPIECE
top100-uk,87,2012-04-08,ms063094,MASTERPIECE
top100-uk,73,2012-05-20,ms063102,"GIRL GONE WILD"
top100-uk,26,2015-03-01,ms082379,"LIVING FOR LOVE"
top100-uk,53,2015-03-08,ms082379,"LIVING FOR LOVE"
top100-uk,68,2015-03-15,ms082379,"LIVING FOR LOVE"
top100-uk,75,2015-03-22,ms082379,"LIVING FOR LOVE"
jwave,92,1989-01-22,ms021727,"True Blue"
jwave,43,1990-02-18,ms022836,"Oh Father"
jwave,20,1989-09-03,ms023096,Cherish
jwave,9,1989-09-10,ms023096,Cherish
jwave,4,1989-09-17,ms023096,Cherish
jwave,5,1989-09-24,ms023096,Cherish
jwave,5,1989-10-01,ms023096,Cherish
jwave,5,1989-10-08,ms023096,Cherish
jwave,6,1989-10-15,ms023096,Cherish
jwave,8,1989-10-22,ms023096,Cherish
jwave,25,1989-11-05,ms023096,Cherish
jwave,79,1989-05-21,ms023458,"Express Yourself"
jwave,30,1989-06-11,ms023458,"Express Yourself"
jwave,4,1989-06-18,ms023458,"Express Yourself"
jwave,4,1989-06-25,ms023458,"Express Yourself"
jwave,3,1989-07-02,ms023458,"Express Yourself"
jwave,9,1989-07-09,ms023458,"Express Yourself"
jwave,2,1989-07-16,ms023458,"Express Yourself"
jwave,2,1989-07-23,ms023458,"Express Yourself"
jwave,4,1989-08-06,ms023458,"Express Yourself"
jwave,15,1989-08-13,ms023458,"Express Yourself"
jwave,25,1989-03-12,ms023784,"Like A Prayer"
jwave,9,1989-03-19,ms023784,"Like A Prayer"
jwave,3,1989-03-26,ms023784,"Like A Prayer"
jwave,1,1989-04-02,ms023784,"Like A Prayer"
jwave,1,1989-04-09,ms023784,"Like A Prayer"
jwave,1,1989-04-16,ms023784,"Like A Prayer"
jwave,1,1989-04-23,ms023784,"Like A Prayer"
jwave,6,1989-05-07,ms023784,"Like A Prayer"
jwave,7,1989-05-14,ms023784,"Like A Prayer"
jwave,8,1989-05-21,ms023784,"Like A Prayer"
jwave,8,1989-05-28,ms023784,"Like A Prayer"
jwave,15,1989-06-04,ms023784,"Like A Prayer"
jwave,21,1989-06-11,ms023784,"Like A Prayer"
jwave,65,1989-06-18,ms023784,"Like A Prayer"
jwave,65,1989-06-25,ms023784,"Like A Prayer"
jwave,63,1990-11-18,ms024060,"Justify My Love"
jwave,13,1990-11-25,ms024060,"Justify My Love"
jwave,9,1990-12-02,ms024060,"Justify My Love"
jwave,3,1990-12-09,ms024060,"Justify My Love"
jwave,4,1990-12-16,ms024060,"Justify My Love"
jwave,4,1990-12-23,ms024060,"Justify My Love"
jwave,6,1991-01-06,ms024060,"Justify My Love"
jwave,12,1991-01-13,ms024060,"Justify My Love"
jwave,9,1991-01-20,ms024060,"Justify My Love"
jwave,5,1991-01-27,ms024060,"Justify My Love"
jwave,25,1991-02-03,ms024060,"Justify My Love"
jwave,36,1991-02-10,ms024060,"Justify My Love"
jwave,57,1991-02-17,ms024060,"Justify My Love"
jwave,71,1991-02-24,ms024060,"Justify My Love"
jwave,99,1991-03-03,ms024060,"Justify My Love"
jwave,41,1990-04-15,ms024392,Vogue
jwave,5,1990-04-22,ms024392,Vogue
jwave,5,1990-05-06,ms024392,Vogue
jwave,4,1990-05-13,ms024392,Vogue
jwave,5,1990-05-20,ms024392,Vogue
jwave,3,1990-05-27,ms024392,Vogue
jwave,2,1990-06-03,ms024392,Vogue
jwave,1,1990-06-10,ms024392,Vogue
jwave,1,1990-06-17,ms024392,Vogue
jwave,1,1990-06-24,ms024392,Vogue
jwave,1,1990-07-01,ms024392,Vogue
jwave,89,1991-01-13,ms024392,Vogue
jwave,21,1990-08-05,ms024414,"Hanky Panky"
jwave,19,1990-08-12,ms024414,"Hanky Panky"
jwave,31,1990-08-19,ms024414,"Hanky Panky"
jwave,25,1990-08-26,ms024414,"Hanky Panky"
jwave,37,1990-09-02,ms024414,"Hanky Panky"
jwave,45,1990-09-09,ms024414,"Hanky Panky"
jwave,89,1990-09-16,ms024414,"Hanky Panky"
jwave,93,1990-09-23,ms024414,"Hanky Panky"
jwave,25,1990-03-18,ms024671,"Keep It Together"
jwave,18,1990-03-25,ms024671,"Keep It Together"
jwave,12,1990-04-01,ms024671,"Keep It Together"
jwave,11,1990-04-08,ms024671,"Keep It Together"
jwave,10,1990-04-15,ms024671,"Keep It Together"
jwave,20,1990-04-22,ms024671,"Keep It Together"
jwave,74,1990-05-06,ms024671,"Keep It Together"
jwave,47,1991-02-03,ms025614,"Rescue Me"
jwave,46,1991-02-10,ms025614,"Rescue Me"
jwave,19,1991-02-17,ms025614,"Rescue Me"
jwave,26,1991-02-24,ms025614,"Rescue Me"
jwave,27,1991-03-03,ms025614,"Rescue Me"
jwave,18,1991-03-10,ms025614,"Rescue Me"
jwave,7,1991-03-17,ms025614,"Rescue Me"
jwave,6,1991-03-24,ms025614,"Rescue Me"
jwave,8,1991-04-07,ms025614,"Rescue Me"
jwave,32,1991-04-14,ms025614,"Rescue Me"
jwave,37,1991-04-21,ms025614,"Rescue Me"
jwave,50,1991-04-28,ms025614,"Rescue Me"
jwave,50,1991-05-05,ms025614,"Rescue Me"
jwave,89,1991-05-12,ms025614,"Rescue Me"
jwave,5,1992-10-25,ms025990,Erotica
jwave,2,1992-11-01,ms025990,Erotica
jwave,1,1992-11-08,ms025990,Erotica
jwave,1,1992-11-15,ms025990,Erotica
jwave,1,1992-11-22,ms025990,Erotica
jwave,4,1992-12-06,ms025990,Erotica
jwave,4,1992-12-13,ms025990,Erotica
jwave,17,1992-12-20,ms025990,Erotica
jwave,1,1994-10-23,ms026112,Secret
jwave,2,1994-11-06,ms026112,Secret
jwave,2,1994-11-13,ms026112,Secret
jwave,3,1994-11-20,ms026112,Secret
jwave,3,1994-11-27,ms026112,Secret
jwave,2,1994-12-04,ms026112,Secret
jwave,5,1994-12-11,ms026112,Secret
jwave,13,1994-12-18,ms026112,Secret
jwave,7,1995-01-08,ms026118,"Take A Bow"
jwave,4,1995-01-15,ms026118,"Take A Bow"
jwave,4,1995-01-22,ms026118,"Take A Bow"
jwave,12,1995-02-05,ms026118,"Take A Bow"
jwave,9,1995-02-12,ms026118,"Take A Bow"
jwave,11,1995-02-19,ms026118,"Take A Bow"
jwave,12,1995-02-26,ms026118,"Take A Bow"
jwave,20,1995-03-05,ms026118,"Take A Bow"
jwave,30,1995-03-12,ms026118,"Take A Bow"
jwave,30,1995-03-19,ms026118,"Take A Bow"
jwave,33,1995-03-26,ms026118,"Take A Bow"
jwave,37,1995-04-02,ms026118,"Take A Bow"
jwave,36,1995-04-09,ms026118,"Take A Bow"
jwave,41,1995-04-16,ms026118,"Take A Bow"
jwave,14,1992-07-19,ms026171,"This Used To Be My Playground"
jwave,4,1992-07-26,ms026171,"This Used To Be My Playground"
jwave,2,1992-08-02,ms026171,"This Used To Be My Playground"
jwave,7,1992-08-09,ms026171,"This Used To Be My Playground"
jwave,5,1992-08-16,ms026171,"This Used To Be My Playground"
jwave,4,1992-08-23,ms026171,"This Used To Be My Playground"
jwave,7,1992-09-06,ms026171,"This Used To Be My Playground"
jwave,4,1992-09-13,ms026171,"This Used To Be My Playground"
jwave,5,1995-11-19,ms026556,"You'll See"
jwave,2,1995-11-26,ms026556,"You'll See"
jwave,2,1995-12-03,ms026556,"You'll See"
jwave,5,1995-12-10,ms026556,"You'll See"
jwave,4,1995-12-17,ms026556,"You'll See"
jwave,88,1993-07-18,ms026809,Rain
jwave,40,1993-07-25,ms026809,Rain
jwave,25,1993-08-01,ms026809,Rain
jwave,22,1993-08-08,ms026809,Rain
jwave,17,1993-08-15,ms026809,Rain
jwave,19,1993-08-22,ms026809,Rain
jwave,29,1993-09-05,ms026809,Rain
jwave,36,1993-09-12,ms026809,Rain
jwave,32,1993-09-19,ms026809,Rain
jwave,34,1993-09-26,ms026809,Rain
jwave,27,1993-10-03,ms026809,Rain
jwave,41,1993-10-10,ms026809,Rain
jwave,49,1993-10-17,ms026809,Rain
jwave,92,1998-03-22,ms027839,"The Power Of Good-Bye"
jwave,55,1998-04-05,ms027839,"The Power Of Good-Bye"
jwave,66,1998-04-12,ms027839,"The Power Of Good-Bye"
jwave,89,1998-04-19,ms027839,"The Power Of Good-Bye"
jwave,70,1998-03-01,ms028434,"Ray Of Light"
jwave,47,1998-03-08,ms028434,"Ray Of Light"
jwave,43,1998-03-15,ms028434,"Ray Of Light"
jwave,37,1998-03-22,ms028434,"Ray Of Light"
jwave,75,1998-04-05,ms028434,"Ray Of Light"
jwave,49,1998-05-03,ms028434,"Ray Of Light"
jwave,11,1998-05-10,ms028434,"Ray Of Light"
jwave,6,1998-05-17,ms028434,"Ray Of Light"
jwave,5,1998-05-24,ms028434,"Ray Of Light"
jwave,5,1998-06-07,ms028434,"Ray Of Light"
jwave,7,1998-06-14,ms028434,"Ray Of Light"
jwave,10,1998-06-21,ms028434,"Ray Of Light"
jwave,12,1998-06-28,ms028434,"Ray Of Light"
jwave,15,1998-07-05,ms028434,"Ray Of Light"
jwave,25,1998-07-12,ms028434,"Ray Of Light"
jwave,19,1998-07-19,ms028434,"Ray Of Light"
jwave,21,1998-07-26,ms028434,"Ray Of Light"
jwave,19,1998-08-02,ms028434,"Ray Of Light"
jwave,35,1998-08-09,ms028434,"Ray Of Light"
jwave,64,1998-08-16,ms028434,"Ray Of Light"
jwave,67,1998-08-23,ms028434,"Ray Of Light"
jwave,56,1998-09-06,ms028434,"Ray Of Light"
jwave,68,1998-09-13,ms028434,"Ray Of Light"
jwave,77,1998-09-20,ms028434,"Ray Of Light"
jwave,93,1998-09-27,ms028434,"Ray Of Light"
jwave,33,1994-04-10,ms028781,"I'LL REMEMBER"
jwave,12,1994-04-17,ms028781,"I'LL REMEMBER"
jwave,6,1994-04-24,ms028781,"I'LL REMEMBER"
jwave,9,1994-05-01,ms028781,"I'LL REMEMBER"
jwave,8,1994-05-08,ms028781,"I'LL REMEMBER"
jwave,9,1994-05-15,ms028781,"I'LL REMEMBER"
jwave,10,1994-05-22,ms028781,"I'LL REMEMBER"
jwave,12,1994-06-05,ms028781,"I'LL REMEMBER"
jwave,10,1994-06-12,ms028781,"I'LL REMEMBER"
jwave,16,1994-06-19,ms028781,"I'LL REMEMBER"
jwave,20,1994-06-26,ms028781,"I'LL REMEMBER"
jwave,26,1994-07-03,ms028781,"I'LL REMEMBER"
jwave,47,1994-07-10,ms028781,"I'LL REMEMBER"
jwave,48,1994-07-17,ms028781,"I'LL REMEMBER"
jwave,54,1994-07-24,ms028781,"I'LL REMEMBER"
jwave,75,1994-08-07,ms028781,"I'LL REMEMBER"
jwave,62,1994-08-14,ms028781,"I'LL REMEMBER"
jwave,93,1994-08-21,ms028781,"I'LL REMEMBER"
jwave,49,1998-02-08,ms029180,Frozen
jwave,38,1998-02-15,ms029180,Frozen
jwave,28,1998-02-22,ms029180,Frozen
jwave,14,1998-03-01,ms029180,Frozen
jwave,3,1998-03-08,ms029180,Frozen
jwave,1,1998-03-15,ms029180,Frozen
jwave,1,1998-03-22,ms029180,Frozen
jwave,2,1998-04-05,ms029180,Frozen
jwave,3,1998-04-12,ms029180,Frozen
jwave,3,1998-04-19,ms029180,Frozen
jwave,3,1998-04-26,ms029180,Frozen
jwave,5,1998-05-03,ms029180,Frozen
jwave,17,1998-05-10,ms029180,Frozen
jwave,22,1998-05-17,ms029180,Frozen
jwave,40,1998-05-24,ms029180,Frozen
jwave,44,1997-01-19,ms032975,"DON'T CRY FOR ME ARGENTINA"
jwave,19,1997-01-26,ms032975,"DON'T CRY FOR ME ARGENTINA"
jwave,12,1997-02-02,ms032975,"DON'T CRY FOR ME ARGENTINA"
jwave,9,1997-02-09,ms032975,"DON'T CRY FOR ME ARGENTINA"
jwave,11,1997-02-16,ms032975,"DON'T CRY FOR ME ARGENTINA"
jwave,7,1997-02-23,ms032975,"DON'T CRY FOR ME ARGENTINA"
jwave,9,1997-03-02,ms032975,"DON'T CRY FOR ME ARGENTINA"
jwave,10,1997-03-09,ms032975,"DON'T CRY FOR ME ARGENTINA"
jwave,14,1997-03-16,ms032975,"DON'T CRY FOR ME ARGENTINA"
jwave,18,1997-03-23,ms032975,"DON'T CRY FOR ME ARGENTINA"
jwave,24,1997-04-06,ms032975,"DON'T CRY FOR ME ARGENTINA"
jwave,32,1997-04-13,ms032975,"DON'T CRY FOR ME ARGENTINA"
jwave,47,1997-04-20,ms032975,"DON'T CRY FOR ME ARGENTINA"
jwave,53,1997-04-27,ms032975,"DON'T CRY FOR ME ARGENTINA"
jwave,70,1997-05-04,ms032975,"DON'T CRY FOR ME ARGENTINA"
jwave,97,1997-05-11,ms032975,"DON'T CRY FOR ME ARGENTINA"
jwave,69,1996-10-27,ms033131,"YOU MUST LOVE ME"
jwave,35,1996-11-03,ms033131,"YOU MUST LOVE ME"
jwave,20,1996-11-10,ms033131,"YOU MUST LOVE ME"
jwave,6,1996-11-17,ms033131,"YOU MUST LOVE ME"
jwave,9,1996-11-24,ms033131,"YOU MUST LOVE ME"
jwave,5,1996-12-01,ms033131,"YOU MUST LOVE ME"
jwave,6,1996-12-08,ms033131,"YOU MUST LOVE ME"
jwave,7,1996-12-15,ms033131,"YOU MUST LOVE ME"
jwave,17,1996-12-22,ms033131,"YOU MUST LOVE ME"
jwave,20,1997-01-05,ms033131,"YOU MUST LOVE ME"
jwave,26,1997-01-12,ms033131,"YOU MUST LOVE ME"
jwave,35,1997-01-19,ms033131,"YOU MUST LOVE ME"
jwave,34,1997-01-26,ms033131,"YOU MUST LOVE ME"
jwave,46,1997-02-02,ms033131,"YOU MUST LOVE ME"
jwave,52,1997-02-09,ms033131,"YOU MUST LOVE ME"
jwave,58,1997-02-16,ms033131,"YOU MUST LOVE ME"
jwave,69,1997-02-23,ms033131,"YOU MUST LOVE ME"
jwave,54,1997-03-02,ms033131,"YOU MUST LOVE ME"
jwave,63,1997-03-09,ms033131,"YOU MUST LOVE ME"
jwave,62,1997-03-16,ms033131,"YOU MUST LOVE ME"
jwave,98,1997-03-23,ms033131,"YOU MUST LOVE ME"
jwave,21,1996-02-11,ms034132,"ONE MORE CHANCE"
jwave,25,1996-02-18,ms034132,"ONE MORE CHANCE"
jwave,25,1996-02-25,ms034132,"ONE MORE CHANCE"
jwave,32,1996-03-03,ms034132,"ONE MORE CHANCE"
jwave,37,1996-03-10,ms034132,"ONE MORE CHANCE"
jwave,48,1996-03-17,ms034132,"ONE MORE CHANCE"
jwave,88,1997-04-06,ms035286,"ANOTHER SUITCASE IN ANOTHER HALL"
jwave,100,1997-04-13,ms035286,"ANOTHER SUITCASE IN ANOTHER HALL"
jwave,90,1999-06-13,ms037811,"Beautiful Stranger"
jwave,29,1999-06-20,ms037811,"Beautiful Stranger"
jwave,6,1999-06-27,ms037811,"Beautiful Stranger"
jwave,7,1999-07-04,ms037811,"Beautiful Stranger"
jwave,10,1999-07-11,ms037811,"Beautiful Stranger"
jwave,12,1999-07-18,ms037811,"Beautiful Stranger"
jwave,10,1999-07-25,ms037811,"Beautiful Stranger"
jwave,11,1999-08-01,ms037811,"Beautiful Stranger"
jwave,6,1999-08-08,ms037811,"Beautiful Stranger"
jwave,9,1999-08-15,ms037811,"Beautiful Stranger"
jwave,58,1999-11-07,ms037811,"Beautiful Stranger"
jwave,89,1999-11-14,ms037811,"Beautiful Stranger"
jwave,60,1999-03-28,ms038288,"Nothing Really Matters"
jwave,50,1999-04-04,ms038288,"Nothing Really Matters"
jwave,25,1999-04-11,ms038288,"Nothing Really Matters"
jwave,26,1999-04-18,ms038288,"Nothing Really Matters"
jwave,47,1999-04-25,ms038288,"Nothing Really Matters"
jwave,51,1999-05-02,ms038288,"Nothing Really Matters"
jwave,79,1999-05-09,ms038288,"Nothing Really Matters"
jwave,36,2005-10-23,ms042107,"Hung Up"
jwave,3,2005-11-06,ms042107,"Hung Up"
jwave,1,2005-11-13,ms042107,"Hung Up"
jwave,1,2005-11-20,ms042107,"Hung Up"
jwave,1,2005-11-27,ms042107,"Hung Up"
jwave,1,2005-12-04,ms042107,"Hung Up"
jwave,1,2005-12-11,ms042107,"Hung Up"
jwave,1,2005-12-18,ms042107,"Hung Up"
jwave,1,2005-12-25,ms042107,"Hung Up"
jwave,1,2006-01-01,ms042107,"Hung Up"
jwave,1,2006-01-08,ms042107,"Hung Up"
jwave,1,2006-01-15,ms042107,"Hung Up"
jwave,1,2006-01-22,ms042107,"Hung Up"
jwave,13,2006-02-05,ms042107,"Hung Up"
jwave,47,2006-02-12,ms042107,"Hung Up"
jwave,59,2006-02-19,ms042107,"Hung Up"
jwave,80,2006-02-26,ms042107,"Hung Up"
jwave,47,2006-03-05,ms042107,"Hung Up"
jwave,52,2006-03-12,ms042107,"Hung Up"
jwave,92,2006-03-19,ms042107,"Hung Up"
jwave,31,2006-09-24,ms042107,"Hung Up"
jwave,27,2006-10-01,ms042107,"Hung Up"
jwave,61,2006-10-08,ms042107,"Hung Up"
jwave,24,2007-01-07,ms042107,"Hung Up"
jwave,74,2007-01-14,ms042107,"Hung Up"
jwave,100,2005-11-20,ms042429,Sorry
jwave,68,2005-11-27,ms042429,Sorry
jwave,87,2005-12-04,ms042429,Sorry
jwave,37,2006-02-05,ms042429,Sorry
jwave,10,2006-02-12,ms042429,Sorry
jwave,21,2006-02-19,ms042429,Sorry
jwave,23,2006-02-26,ms042429,Sorry
jwave,25,2006-03-05,ms042429,Sorry
jwave,38,2006-03-12,ms042429,Sorry
jwave,47,2006-03-19,ms042429,Sorry
jwave,48,2006-03-26,ms042429,Sorry
jwave,86,2006-04-02,ms042429,Sorry
jwave,87,2006-07-02,ms042853,"GET TOGETHER"
jwave,59,2006-07-09,ms042853,"GET TOGETHER"
jwave,62,2006-07-16,ms042853,"GET TOGETHER"
jwave,85,2006-07-23,ms042853,"GET TOGETHER"
jwave,80,2006-09-03,ms042853,"GET TOGETHER"
jwave,77,2006-09-10,ms042853,"GET TOGETHER"
jwave,54,2006-10-22,ms043324,JUMP
jwave,21,2006-11-05,ms043324,JUMP
jwave,26,2006-11-12,ms043324,JUMP
jwave,13,2006-11-19,ms043324,JUMP
jwave,13,2006-11-26,ms043324,JUMP
jwave,21,2006-12-03,ms043324,JUMP
jwave,43,2006-12-10,ms043324,JUMP
jwave,54,2006-12-17,ms043324,JUMP
jwave,68,2006-12-24,ms043324,JUMP
jwave,48,2007-03-11,ms043324,JUMP
jwave,12,2007-03-18,ms043324,JUMP
jwave,27,2007-03-25,ms043324,JUMP
jwave,33,2007-04-01,ms043324,JUMP
jwave,67,2007-04-08,ms043324,JUMP
jwave,95,2007-04-15,ms043324,JUMP
jwave,88,2007-04-22,ms043324,JUMP
jwave,12,2003-04-06,ms044356,"American Life"
jwave,4,2003-04-13,ms044356,"American Life"
jwave,4,2003-04-20,ms044356,"American Life"
jwave,1,2003-04-27,ms044356,"American Life"
jwave,1,2003-05-04,ms044356,"American Life"
jwave,2,2003-05-11,ms044356,"American Life"
jwave,2,2003-05-18,ms044356,"American Life"
jwave,5,2003-05-25,ms044356,"American Life"
jwave,14,2003-06-01,ms044356,"American Life"
jwave,16,2003-06-08,ms044356,"American Life"
jwave,52,2003-06-15,ms044356,"American Life"
jwave,84,2003-06-22,ms044356,"American Life"
jwave,32,2003-08-17,ms044453,HOLLYWOOD
jwave,32,2003-08-24,ms044453,HOLLYWOOD
jwave,69,2003-09-07,ms044453,HOLLYWOOD
jwave,45,2003-09-14,ms044453,HOLLYWOOD
jwave,64,2003-09-21,ms044453,HOLLYWOOD
jwave,90,2000-12-03,ms045762,"Don't Tell Me"
jwave,31,2000-12-10,ms045762,"Don't Tell Me"
jwave,15,2000-12-17,ms045762,"Don't Tell Me"
jwave,11,2000-12-24,ms045762,"Don't Tell Me"
jwave,17,2001-01-07,ms045762,"Don't Tell Me"
jwave,18,2001-01-14,ms045762,"Don't Tell Me"
jwave,26,2001-01-21,ms045762,"Don't Tell Me"
jwave,24,2001-01-28,ms045762,"Don't Tell Me"
jwave,29,2001-02-04,ms045762,"Don't Tell Me"
jwave,32,2001-02-11,ms045762,"Don't Tell Me"
jwave,46,2001-02-18,ms045762,"Don't Tell Me"
jwave,62,2001-02-25,ms045762,"Don't Tell Me"
jwave,73,2001-03-04,ms045762,"Don't Tell Me"
jwave,90,2001-03-11,ms045762,"Don't Tell Me"
jwave,14,2000-08-13,ms045869,Music
jwave,7,2000-08-20,ms045869,Music
jwave,6,2000-08-27,ms045869,Music
jwave,5,2000-09-03,ms045869,Music
jwave,3,2000-09-10,ms045869,Music
jwave,2,2000-09-17,ms045869,Music
jwave,1,2000-09-24,ms045869,Music
jwave,1,2000-10-01,ms045869,Music
jwave,1,2000-10-08,ms045869,Music
jwave,1,2000-10-15,ms045869,Music
jwave,1,2000-10-22,ms045869,Music
jwave,1,2000-11-05,ms045869,Music
jwave,3,2000-11-12,ms045869,Music
jwave,4,2000-11-19,ms045869,Music
jwave,16,2000-11-26,ms045869,Music
jwave,24,2000-12-03,ms045869,Music
jwave,40,2000-12-10,ms045869,Music
jwave,65,2000-12-17,ms045869,Music
jwave,87,2000-12-24,ms045869,Music
jwave,73,2001-01-07,ms045869,Music
jwave,36,2001-01-14,ms045869,Music
jwave,51,2001-01-21,ms045869,Music
jwave,82,2001-01-28,ms045869,Music
jwave,56,2002-10-20,ms045941,"Die Another Day"
jwave,37,2002-10-27,ms045941,"Die Another Day"
jwave,40,2002-11-03,ms045941,"Die Another Day"
jwave,38,2002-11-10,ms045941,"Die Another Day"
jwave,21,2002-11-17,ms045941,"Die Another Day"
jwave,9,2002-11-24,ms045941,"Die Another Day"
jwave,12,2002-12-01,ms045941,"Die Another Day"
jwave,18,2002-12-08,ms045941,"Die Another Day"
jwave,13,2002-12-15,ms045941,"Die Another Day"
jwave,15,2002-12-22,ms045941,"Die Another Day"
jwave,26,2003-01-05,ms045941,"Die Another Day"
jwave,10,2003-01-12,ms045941,"Die Another Day"
jwave,21,2003-01-19,ms045941,"Die Another Day"
jwave,22,2003-01-26,ms045941,"Die Another Day"
jwave,32,2003-02-02,ms045941,"Die Another Day"
jwave,44,2003-02-09,ms045941,"Die Another Day"
jwave,43,2003-02-16,ms045941,"Die Another Day"
jwave,56,2003-02-23,ms045941,"Die Another Day"
jwave,43,2003-03-02,ms045941,"Die Another Day"
jwave,30,2003-03-09,ms045941,"Die Another Day"
jwave,16,2003-03-16,ms045941,"Die Another Day"
jwave,19,2003-03-23,ms045941,"Die Another Day"
jwave,71,2007-05-27,ms050330,"HEY YOU"
jwave,66,2007-06-03,ms050330,"HEY YOU"
jwave,99,2007-06-10,ms050330,"HEY YOU"
jwave,86,2008-07-27,ms050332,"Give It 2 Me"
jwave,50,2008-08-03,ms050332,"Give It 2 Me"
jwave,59,2008-08-10,ms050332,"Give It 2 Me"
jwave,44,2008-08-17,ms050332,"Give It 2 Me"
jwave,65,2008-08-24,ms050332,"Give It 2 Me"
jwave,56,2008-09-07,ms050332,"Give It 2 Me"
jwave,97,2008-09-14,ms050332,"Give It 2 Me"
jwave,87,2008-05-04,ms050590,"MILES AWAY"
jwave,47,2008-05-11,ms050590,"MILES AWAY"
jwave,19,2008-05-18,ms050590,"MILES AWAY"
jwave,14,2008-05-25,ms050590,"MILES AWAY"
jwave,14,2008-06-01,ms050590,"MILES AWAY"
jwave,5,2008-06-08,ms050590,"MILES AWAY"
jwave,19,2008-06-15,ms050590,"MILES AWAY"
jwave,6,2008-06-22,ms050590,"MILES AWAY"
jwave,10,2008-07-06,ms050590,"MILES AWAY"
jwave,22,2008-07-13,ms050590,"MILES AWAY"
jwave,35,2008-07-20,ms050590,"MILES AWAY"
jwave,50,2008-07-27,ms050590,"MILES AWAY"
jwave,99,2008-08-03,ms050590,"MILES AWAY"
jwave,29,2009-08-09,ms051339,Celebration
jwave,2,2009-08-16,ms051339,Celebration
jwave,1,2009-08-23,ms051339,Celebration
jwave,1,2009-09-06,ms051339,Celebration
jwave,2,2009-09-13,ms051339,Celebration
jwave,1,2009-10-04,ms051339,Celebration
jwave,1,2009-10-11,ms051339,Celebration
jwave,1,2009-10-18,ms051339,Celebration
jwave,1,2009-10-25,ms051339,Celebration
jwave,2,2009-11-01,ms051339,Celebration
jwave,6,2009-11-08,ms051339,Celebration
jwave,15,2009-11-15,ms051339,Celebration
jwave,25,2009-11-22,ms051339,Celebration
jwave,54,2009-12-06,ms051339,Celebration
jwave,54,2009-12-13,ms051339,Celebration
jwave,27,2009-12-20,ms051339,Celebration
jwave,97,2001-05-13,ms051707,"What It Feels Like For A Girl"
jwave,68,2001-05-20,ms051707,"What It Feels Like For A Girl"
jwave,48,2001-05-27,ms051707,"What It Feels Like For A Girl"
jwave,42,2001-06-03,ms051707,"What It Feels Like For A Girl"
jwave,57,2001-06-10,ms051707,"What It Feels Like For A Girl"
jwave,67,2001-06-17,ms051707,"What It Feels Like For A Girl"
jwave,92,2001-06-24,ms051707,"What It Feels Like For A Girl"
jwave,28,2000-02-13,ms055109,"American Pie"
jwave,6,2000-02-20,ms055109,"American Pie"
jwave,2,2000-02-27,ms055109,"American Pie"
jwave,2,2000-03-05,ms055109,"American Pie"
jwave,3,2000-03-12,ms055109,"American Pie"
jwave,4,2000-03-19,ms055109,"American Pie"
jwave,5,2000-03-26,ms055109,"American Pie"
jwave,5,2000-04-02,ms055109,"American Pie"
jwave,11,2000-04-09,ms055109,"American Pie"
jwave,13,2000-04-16,ms055109,"American Pie"
jwave,10,2000-04-23,ms055109,"American Pie"
jwave,12,2000-05-07,ms055109,"American Pie"
jwave,19,2000-05-14,ms055109,"American Pie"
jwave,38,2000-05-21,ms055109,"American Pie"
jwave,60,2000-05-28,ms055109,"American Pie"
jwave,43,2000-06-11,ms055109,"American Pie"
jwave,32,2000-06-18,ms055109,"American Pie"
jwave,19,2000-06-25,ms055109,"American Pie"
jwave,26,2000-07-02,ms055109,"American Pie"
jwave,59,2000-07-16,ms055109,"American Pie"
jwave,82,2000-07-23,ms055109,"American Pie"
jwave,60,2012-03-11,ms063102,"GIRL GONE WILD"
jwave,60,2012-03-18,ms063102,"GIRL GONE WILD"
jwave,19,2012-03-25,ms063102,"GIRL GONE WILD"
jwave,24,2012-04-01,ms063102,"GIRL GONE WILD"
jwave,1,2012-04-08,ms063102,"GIRL GONE WILD"
jwave,1,2012-04-15,ms063102,"GIRL GONE WILD"
jwave,2,2012-04-22,ms063102,"GIRL GONE WILD"
jwave,11,2012-05-06,ms063102,"GIRL GONE WILD"
jwave,13,2012-05-13,ms063102,"GIRL GONE WILD"
jwave,57,2012-05-20,ms063102,"GIRL GONE WILD"
jwave,52,2012-05-27,ms063102,"GIRL GONE WILD"
jwave,86,2012-06-03,ms063102,"GIRL GONE WILD"
jwave,62,2012-06-10,ms063102,"GIRL GONE WILD"
jwave,68,2012-06-17,ms063102,"GIRL GONE WILD"
jwave,72,2012-06-24,ms063102,"GIRL GONE WILD"
jwave,89,2012-07-01,ms063102,"GIRL GONE WILD"
jwave,48,2012-04-08,ms063936,"TURN UP THE RADIO"
jwave,42,2012-04-15,ms063936,"TURN UP THE RADIO"
jwave,35,2012-04-22,ms063936,"TURN UP THE RADIO"
jwave,94,2000-10-01,ms070442,"RUNAWAY LOVER"
jwave,99,2000-10-08,ms070442,"RUNAWAY LOVER"
jwave,76,2001-11-18,ms071028,"THUNDERPUSS GHV2 MEGAMIX"
jwave,15,2001-11-25,ms071028,"THUNDERPUSS GHV2 MEGAMIX"
jwave,28,2001-12-02,ms071028,"THUNDERPUSS GHV2 MEGAMIX"
jwave,41,2001-12-09,ms071028,"THUNDERPUSS GHV2 MEGAMIX"
jwave,60,2001-12-16,ms071028,"THUNDERPUSS GHV2 MEGAMIX"
jwave,64,2001-12-23,ms071028,"THUNDERPUSS GHV2 MEGAMIX"
jwave,57,2004-12-19,ms073299,"WHAT IT FEELS LIKE FOR A GIRL(STEPHANE POMPOUGNAC REMIX)"
jwave,44,2004-12-26,ms073299,"WHAT IT FEELS LIKE FOR A GIRL(STEPHANE POMPOUGNAC REMIX)"
jwave,44,2005-01-02,ms073299,"WHAT IT FEELS LIKE FOR A GIRL(STEPHANE POMPOUGNAC REMIX)"
jwave,85,2005-01-09,ms073299,"WHAT IT FEELS LIKE FOR A GIRL(STEPHANE POMPOUGNAC REMIX)"
jwave,73,2005-01-16,ms073299,"WHAT IT FEELS LIKE FOR A GIRL(STEPHANE POMPOUGNAC REMIX)"
jwave,75,2005-01-23,ms073299,"WHAT IT FEELS LIKE FOR A GIRL(STEPHANE POMPOUGNAC REMIX)"
jwave,89,2005-12-18,ms073406,"I LOVE NEW YORK"
jwave,83,2005-12-25,ms073406,"I LOVE NEW YORK"
jwave,88,2006-01-01,ms073406,"I LOVE NEW YORK"
jwave,99,2006-01-08,ms073406,"I LOVE NEW YORK"
jwave,19,2010-04-11,ms078384,"MUSIC 2008"
jwave,50,2010-04-18,ms078384,"MUSIC 2008"
jwave,71,2014-12-28,ms082379,"LIVING FOR LOVE"
jwave,5,2015-01-04,ms082379,"LIVING FOR LOVE"
jwave,2,2015-01-11,ms082379,"LIVING FOR LOVE"
jwave,1,2015-01-18,ms082379,"LIVING FOR LOVE"
jwave,11,2015-01-25,ms082379,"LIVING FOR LOVE"
jwave,26,2015-02-01,ms082379,"LIVING FOR LOVE"
jwave,36,2015-02-08,ms082379,"LIVING FOR LOVE"
jwave,46,2015-02-15,ms082379,"LIVING FOR LOVE"
jwave,14,2015-02-22,ms082379,"LIVING FOR LOVE"
jwave,10,2015-03-01,ms082379,"LIVING FOR LOVE"
jwave,22,2015-03-08,ms082379,"LIVING FOR LOVE"
jwave,25,2015-03-15,ms082379,"LIVING FOR LOVE"
jwave,1,2015-03-22,ms082379,"LIVING FOR LOVE"
jwave,1,2015-03-29,ms082379,"LIVING FOR LOVE"
jwave,5,2015-04-05,ms082379,"LIVING FOR LOVE"
jwave,11,2015-04-12,ms082379,"LIVING FOR LOVE"
jwave,24,2015-04-19,ms082379,"LIVING FOR LOVE"
jwave,69,2015-04-26,ms082379,"LIVING FOR LOVE"
jwave,83,2015-05-03,ms082379,"LIVING FOR LOVE"
